info,sequence,num_mutation,blast_prediction,interproscan_prediction,embedding_prediction,mutated_positions,overall_prediction
N6_N81_0,EELIKQLVEAHLETYPSGLTQWKKGKYFLESPDPQRRKADLEMFQQFSELATKSIQKIVEFAKRIPGFTDLPREDQITLLKSACMEVLMLRLASRFNPEQDTLTFSGGLTLNREQLRKAGFGELIDPIFEFSKKLRALNLDDEEYALLTAIVLLSADRPGLQDPERVERLQEPLLEALKNYIRRRHPDEPHLFPKLLMKLTDLRTLSTKHAERLLSLKLEDPVPLPPLLREIFEDQLPFALLSLS,0,NR1,NR1,NR1,[],NR1
N6_N81_1,EELIKQLVEAHLETYPSGLTQWKKGKYFLESPDPQRRKADLEMFQQFSELATKSIQKIVEFAKRIPGFTDLPREDQITLLKSACMEVLMLRLASRFNPEQDTLTFSGGLTLNREQLRKAGFGELIDPIFEFSKKLRALNLDDEEYALLTAIVLLSADRPGLQDPERVERLQEPLLEALKNYIRRRHPDEPHLFPKLLMKLTDLRTLSTKGAERLLSLKLEDPVPLPPLLREIFEDQLPFALLSLS,1,NR1,NR1,NR1,[212],NR1
N6_N81_2,VELIKQLVEAHLETYPSGLTQWKKGKYFLESPDPQRRKADLEMFQQFSELATKSIQKIVEFAKRIPGFTDLPREDQITLLKSACMEVLMLRLASRFNPEQDTLTFSGGLTLNREQLRKAGFGELIDPIFEFSKKLRALNLDDEEYALLTAIVLLSADRPGLQDPERVERLQEPLLEALKNYIRRRHPDEPHLFPKLLMKLTDLRTLSTKGAERLLSLKLEDPVPLPPLLREIFEDQLPFALLSLS,2,NR1,NR1,NR1,"[212, 0]",NR1
N6_N81_3,VELIKQLVEAHLETYPSGLTQWKKGKYFLESPDPQRRKADLEMFQQFSELATKSIQKIVEFAKRIPGFTDLPREDQITLLKSACMEVLMLRLASRFNPEQDTLTFSGGLTLNREQLRKAGFGELIDPIFEFSKKLRALNLDDEEYALLTAIVLLSADRPGLQDPERVERLQEPLLEALKNYIRRRHPDEPHLFPKLLMKLTDLRTLSTKGAQRLLSLKLEDPVPLPPLLREIFEDQLPFALLSLS,3,NR1,NR1,NR1,"[212, 0, 214]",NR1
N6_N81_4,VELIKQLVEAHLETYPSGLTQWKKGKYFLESPDPQRRKADLEMFQQFSELATKSIQKIVEFAERIPGFTDLPREDQITLLKSACMEVLMLRLASRFNPEQDTLTFSGGLTLNREQLRKAGFGELIDPIFEFSKKLRALNLDDEEYALLTAIVLLSADRPGLQDPERVERLQEPLLEALKNYIRRRHPDEPHLFPKLLMKLTDLRTLSTKGAQRLLSLKLEDPVPLPPLLREIFEDQLPFALLSLS,4,NR1,NR1,NR1,"[212, 0, 214, 63]",NR1
N6_N81_5,VELIKQLVEAHLETYPSGLTQWKKGKYFLESPDPQRRKADLEMFQQFSELATKSIQKIVEFAERIPGFTDLPKEDQITLLKSACMEVLMLRLASRFNPEQDTLTFSGGLTLNREQLRKAGFGELIDPIFEFSKKLRALNLDDEEYALLTAIVLLSADRPGLQDPERVERLQEPLLEALKNYIRRRHPDEPHLFPKLLMKLTDLRTLSTKGAQRLLSLKLEDPVPLPPLLREIFEDQLPFALLSLS,5,NR1,NR1,NR1,"[212, 0, 214, 63, 73]",NR1
N6_N81_6,VELIKQLVEAHLETYPSGLTQWKKGKYFLESPDPQRRKADLEMFQQFSELATKSIQKIVEFAERIPGFTDLPKEDQITLLKSACMEVLMLRLASRFNPEQDTLTFSGGLTLNREQLRKAGFGELIDPIFEFSKKLRALNLDDEEYALLTAIVLLSADRPGLQDPERVERLQEPLLEALKNYIRRRHPDEPHLFPKLLMKLTDLRTLSTKGAQRLLSLKLEDLVPLPPLLREIFEDQLPFALLSLS,6,NR1,NR1,NR1,"[212, 0, 214, 63, 73, 224]",NR1
N6_N81_7,VELIKQLVEAHLETYPSGLTQWKKGKYFLESPDPQRRKADLEMFQQFSELATKSIQKIVEFAERIPGFTDLPKEDQITLLKSACMEVLMLRLASRFNPEQDTLTFSGGLTLNREQLRKAGFGELIDPIFEFSKKLRALNLDDEEYALLTAIVLLSADRPGLQDPERVERLQEPLLEALKNYIRRRHPGDEPHLFPKLLMKLTDLRTLSTKGAQRLLSLKLEDLVPLPPLLREIFEDQLPFALLSLS,7,NR1,NR1,NR1,"[212, 0, 214, 63, 73, 224, 188]",NR1
N6_N81_8,VELIKQLVEAHLETYPSGLTQWKKGKYFLESPDPQRRKADLEMFQQFSELATKSIQKIVEFAERIPGFTDLPKEDQITLLKSACMEVLMLRLASRFNPEQDTLTFSGGLTLNREQLRKAGFGELIDPIFEFSKKLRALNLDDEEYALLTAIVLLSADRPGLQDPERVERLQEPLLEALKNYIRRRHPGDEPHLFPKLLMKLTDLRTLSTKGAQRLFSLKLEDLVPLPPLLREIFEDQLPFALLSLS,8,NR4,NR1,NR1,"[212, 0, 214, 63, 73, 224, 188, 217]",NR1-like
N6_N81_9,VELIKQLVEAHLETYPSGLTQWKKGKYFLESPDPQRRKADLEMFQQFSELATKSIQKIREFAERIPGFTDLPKEDQITLLKSACMEVLMLRLASRFNPEQDTLTFSGGLTLNREQLRKAGFGELIDPIFEFSKKLRALNLDDEEYALLTAIVLLSADRPGLQDPERVERLQEPLLEALKNYIRRRHPGDEPHLFPKLLMKLTDLRTLSTKGAQRLFSLKLEDLVPLPPLLREIFEDQLPFALLSLS,9,NR4,NR1,NR1,"[212, 0, 214, 63, 73, 224, 188, 217, 59]",NR1-like
N6_N81_10,VELIKQLVEAHLETYPSGLTQWKKGKYFLESPDPQRRKADLEMFQQFSELATKSIQKIREFAERIPGFTDLPKEDQITLLKSACMEVLMLRLASRFNPEQDTLTFSGGLTLNREQLRKAGFGELIDPIFEFSKKLRALNLDDSEYALLTAIVLLSADRPGLQDPERVERLQEPLLEALKNYIRRRHPGDEPHLFPKLLMKLTDLRTLSTKGAQRLFSLKLEDLVPLPPLLREIFEDQLPFALLSLS,10,NR4,NR1,NR1,"[212, 0, 214, 63, 73, 224, 188, 217, 59, 143]",NR1-like
N6_N81_11,VELIKQLVEAHLETYPSGLTQWKKGKYFLESPDPQRRKADLEMFQQFSELATKSIQKIREFAERIPGFTDLPKEDQITLLKSACMEVLMLRLASRFNPEQDTLTFSGGLTLNREQLRKAGFGELIDPIFEFSQKLRALNLDDSEYALLTAIVLLSADRPGLQDPERVERLQEPLLEALKNYIRRRHPGDEPHLFPKLLMKLTDLRTLSTKGAQRLFSLKLEDLVPLPPLLREIFEDQLPFALLSLS,11,NR4,NR1,NR1,"[212, 0, 214, 63, 73, 224, 188, 217, 59, 143, 133]",NR1-like
N6_N81_12,VELIKQLVEAHLETYPSGLTQWKKGKYFLESPDPQRRKADLEMFQQFSELATKSIQKIREFAERIPGFTDLPKEDQITLLKSACMEVLMLRLASRFNPEQDTLTFSGGLTLNREQLRKGGFGELIDPIFEFSQKLRALNLDDSEYALLTAIVLLSADRPGLQDPERVERLQEPLLEALKNYIRRRHPGDEPHLFPKLLMKLTDLRTLSTKGAQRLFSLKLEDLVPLPPLLREIFEDQLPFALLSLS,12,NR4,NR1,NR1,"[212, 0, 214, 63, 73, 224, 188, 217, 59, 143, 133, 119]",NR1-like
N6_N81_13,VELIKQLVEAHLETYPSGLTQWKKGKYFLESPDPQRRKADLEMFQQFSELATKSIQKIREFAERIPGFTDLPKEDQITLLKSACMEVLMLRLASRFNPEQDTLTFSGGLTLNREQLRKGGFGELIDPIFEFSQKLRALNLDVSEYALLTAIVLLSADRPGLQDPERVERLQEPLLEALKNYIRRRHPGDEPHLFPKLLMKLTDLRTLSTKGAQRLFSLKLEDLVPLPPLLREIFEDQLPFALLSLS,13,NR4,NR1,NR1,"[212, 0, 214, 63, 73, 224, 188, 217, 59, 143, 133, 119, 142]",NR1-like
N6_N81_14,VELIKSLVEAHLETYPSGLTQWKKGKYFLESPDPQRRKADLEMFQQFSELATKSIQKIREFAERIPGFTDLPKEDQITLLKSACMEVLMLRLASRFNPEQDTLTFSGGLTLNREQLRKGGFGELIDPIFEFSQKLRALNLDVSEYALLTAIVLLSADRPGLQDPERVERLQEPLLEALKNYIRRRHPGDEPHLFPKLLMKLTDLRTLSTKGAQRLFSLKLEDLVPLPPLLREIFEDQLPFALLSLS,14,NR4,NR1,NR1,"[212, 0, 214, 63, 73, 224, 188, 217, 59, 143, 133, 119, 142, 5]",NR1-like
N6_N81_15,VELIKSLVEAHLETYPSGLTQWKKGKYFLESPDPQRRKADLEMFQQFSELATKSIQKIREFAERIPGFTDLPKEDQITLLKSACMEVLMLRLASRFNPEQDTLTFSGGLTLNREQLRKGGFGELIDPIFEFSQKLRALNLDVSEYALLTAIVLLSADRPGLQDPERVERLQEPLLEALKNYIRRRHPGDEPHLFPKLLMKLTDLRTLSTKGAQRLFSLKLEDLVPLPPLLRKIFEDQLPFALLSLS,15,NR4,NR1,NR1,"[212, 0, 214, 63, 73, 224, 188, 217, 59, 143, 133, 119, 142, 5, 233]",NR1-like
N6_N81_16,VELIKSLVEAHLETYPSGLTQWKKGKYFLESPDPQREKADLEMFQQFSELATKSIQKIREFAERIPGFTDLPKEDQITLLKSACMEVLMLRLASRFNPEQDTLTFSGGLTLNREQLRKGGFGELIDPIFEFSQKLRALNLDVSEYALLTAIVLLSADRPGLQDPERVERLQEPLLEALKNYIRRRHPGDEPHLFPKLLMKLTDLRTLSTKGAQRLFSLKLEDLVPLPPLLRKIFEDQLPFALLSLS,16,NR4,NR1,NR1,"[212, 0, 214, 63, 73, 224, 188, 217, 59, 143, 133, 119, 142, 5, 233, 37]",NR1-like
N6_N81_17,VELIKSLVEAHLETYPSGLTQWKKGKYFLESPDPQREKADLEMFQQFSELATKSIQKIREFAERIPGFTDLPKEDQITLLKSACMEVLMLRLASRFNPEQDTLTFSGGLTLNREQLRKGGFGELIDPIFEFSQKLRALNLDVSEYALLTAIVLLSARPGLQDPERVERLQEPLLEALKNYIRRRHPGDEPHLFPKLLMKLTDLRTLSTKGAQRLFSLKLEDLVPLPPLLRKIFEDQLPFALLSLS,17,NR4,NR1,NR1,"[212, 0, 214, 63, 73, 224, 188, 217, 59, 143, 133, 119, 142, 5, 233, 37, 157]",NR1-like
N6_N81_18,VELIKSLVEAHLETYPSGLTQWKKGKYFLESPDPQREKADLEMFQQFYELATKSIQKIREFAERIPGFTDLPKEDQITLLKSACMEVLMLRLASRFNPEQDTLTFSGGLTLNREQLRKGGFGELIDPIFEFSQKLRALNLDVSEYALLTAIVLLSARPGLQDPERVERLQEPLLEALKNYIRRRHPGDEPHLFPKLLMKLTDLRTLSTKGAQRLFSLKLEDLVPLPPLLRKIFEDQLPFALLSLS,18,NR4,NR1,NR1,"[212, 0, 214, 63, 73, 224, 188, 217, 59, 143, 133, 119, 142, 5, 233, 37, 157, 48]",NR1-like
N6_N81_19,VELIKSLVEAHLETYPSGLTQWKKGKYFLESPDPQREKADLEMFQQFYELATKSIQKIREFAERIPGFTDLPKEDQITLLKSACMEVLMLRLASRFNPEQDTLTFSGGLTLNREQLRKGGFGELIDPIFEFSQKLRALNLDVSEYALLTAIVLLSARPGLQDPERVERLQEKLLEALKNYIRRRHPGDEPHLFPKLLMKLTDLRTLSTKGAQRLFSLKLEDLVPLPPLLRKIFEDQLPFALLSLS,19,NR4,NR4,NR1,"[212, 0, 214, 63, 73, 224, 188, 217, 59, 143, 133, 119, 142, 5, 233, 37, 157, 48, 173]",NR4-like
N6_N81_20,VELIKSLVEAHLETYPSGLTQWKKGKYFLESPDPQREKADLEMFQQFYELATKSIQKIREFAERIPGFTDLPKEDQITLLKSACMEVLMLRLASRFNPEQDTLTFSGGLTLNREQLRKGGFGELIDPIFEFSQKLRALNLDVSEYALLTAIVLLSARPGLQDPERVERLQEKILEALKNYIRRRHPGDEPHLFPKLLMKLTDLRTLSTKGAQRLFSLKLEDLVPLPPLLRKIFEDQLPFALLSLS,20,NR4,NR4,NR1,"[212, 0, 214, 63, 73, 224, 188, 217, 59, 143, 133, 119, 142, 5, 233, 37, 157, 48, 173, 174]",NR4-like
N6_N81_21,VELIKSLVEAHLETYPSGLTQWKKGKYFLESPDPQREKADLEMFQQFYELATKSIQKIREFAERIPGFTDLPKEDQITLLKSACMEVLMLRLASRFNPEQDTLTFSGGLTLNREQLRKGGFGELIDPIFEFSQKLRALNLDVSEYALLAAIVLLSARPGLQDPERVERLQEKILEALKNYIRRRHPGDEPHLFPKLLMKLTDLRTLSTKGAQRLFSLKLEDLVPLPPLLRKIFEDQLPFALLSLS,21,NR4,NR4,NR1,"[212, 0, 214, 63, 73, 224, 188, 217, 59, 143, 133, 119, 142, 5, 233, 37, 157, 48, 173, 174, 149]",NR4-like
N6_N81_22,VELIKSLVEAHLETYPSGLTQWKKGKYFLESPDPQREKADLEMFQQFYELATKSIQKIREFAERIPGFTDLPKEDQITLLKSACMELLMLRLASRFNPEQDTLTFSGGLTLNREQLRKGGFGELIDPIFEFSQKLRALNLDVSEYALLAAIVLLSARPGLQDPERVERLQEKILEALKNYIRRRHPGDEPHLFPKLLMKLTDLRTLSTKGAQRLFSLKLEDLVPLPPLLRKIFEDQLPFALLSLS,22,NR4,NR4,NR1,"[212, 0, 214, 63, 73, 224, 188, 217, 59, 143, 133, 119, 142, 5, 233, 37, 157, 48, 173, 174, 149, 87]",NR4-like
N6_N81_23,VELIKSLVEAHLETYPSGLTQWKKGKYFLESPDPQREKADLEMFQQFYELATKSIQKIREFAERIPGFTDLPKEDQITLLKSACMELLMLRLASRFNPEQDTLTFSGGLTLNREQLRKGGFGELIDPIFEFSQKLRALNLDVSEYALLAAIVLLSARPGLQDPERVERLQEKILEALKNYIRRRHPGDEPHLFPKLLMKLTDLRTLSTQGAQRLFSLKLEDLVPLPPLLRKIFEDQLPFALLSLS,23,NR4,NR4,NR1,"[212, 0, 214, 63, 73, 224, 188, 217, 59, 143, 133, 119, 142, 5, 233, 37, 157, 48, 173, 174, 149, 87, 211]",NR4-like
N6_N81_24,VELIKSLVEAHLETYPSGLTQWKKGKYFLESPDPQREKADLEMFQQFYELATKSIQKIREFAERIPGFTDLPKEDQITLLKSAFMELLMLRLASRFNPEQDTLTFSGGLTLNREQLRKGGFGELIDPIFEFSQKLRALNLDVSEYALLAAIVLLSARPGLQDPERVERLQEKILEALKNYIRRRHPGDEPHLFPKLLMKLTDLRTLSTQGAQRLFSLKLEDLVPLPPLLRKIFEDQLPFALLSLS,24,NR4,NR4,NR1,"[212, 0, 214, 63, 73, 224, 188, 217, 59, 143, 133, 119, 142, 5, 233, 37, 157, 48, 173, 174, 149, 87, 211, 84]",NR4-like
N6_N81_25,VSLIKSLVEAHLETYPSGLTQWKKGKYFLESPDPQREKADLEMFQQFYELATKSIQKIREFAERIPGFTDLPKEDQITLLKSAFMELLMLRLASRFNPEQDTLTFSGGLTLNREQLRKGGFGELIDPIFEFSQKLRALNLDVSEYALLAAIVLLSARPGLQDPERVERLQEKILEALKNYIRRRHPGDEPHLFPKLLMKLTDLRTLSTQGAQRLFSLKLEDLVPLPPLLRKIFEDQLPFALLSLS,25,NR4,NR4,NR1,"[212, 0, 214, 63, 73, 224, 188, 217, 59, 143, 133, 119, 142, 5, 233, 37, 157, 48, 173, 174, 149, 87, 211, 84, 1]",NR4-like
N6_N81_26,VSLIKSLVEAHLETYPSGLTQWKKGKYFLESPDPQREKADLEMFQQFYELATKSIQKIREFAERIPGFTDLPKEDQITLLKSAFMELLMLRLASRFNPEQDTLTFSGGLTLNRLQLRKGGFGELIDPIFEFSQKLRALNLDVSEYALLAAIVLLSARPGLQDPERVERLQEKILEALKNYIRRRHPGDEPHLFPKLLMKLTDLRTLSTQGAQRLFSLKLEDLVPLPPLLRKIFEDQLPFALLSLS,26,NR4,NR4,NR1,"[212, 0, 214, 63, 73, 224, 188, 217, 59, 143, 133, 119, 142, 5, 233, 37, 157, 48, 173, 174, 149, 87, 211, 84, 1, 114]",NR4-like
N6_N81_27,VSLIKSLVEAHLETYPSGLTQWKKGKYFLESPDPQREKADLEMFQQFYELATKSIQKIREFAERIPGFTDLPKEDQITLLKSAFMELLMLRLASRFNPEQDTLTFSGGLTLNRLQLRKGGFGELIDPIFEFSQKLRALNLDVSEYALLAAIVLLSARPGLQDPERVERLQEKILEALKNYIRRRHPGDEPHLFPKLLMKLTDLRTLSTQGLQRLFSLKLEDLVPLPPLLRKIFEDQLPFALLSLS,27,NR4,NR4,NR1,"[212, 0, 214, 63, 73, 224, 188, 217, 59, 143, 133, 119, 142, 5, 233, 37, 157, 48, 173, 174, 149, 87, 211, 84, 1, 114, 213]",NR4-like
N6_N81_28,VSLIKSLVEAHLETYPSGLTQWKKGKYFLESPDPQREKADLEMFQQFYELATKSIQKIREFAERIPGFTDLPKEDQITLLKSAFMELLMLRLASRFNPEQDTLTFSGGLTLNRLQLRKGGFGELIDPIFEFSQKLRALNLDVSEYALLAAIVLLSARPGLQEPERVERLQEKILEALKNYIRRRHPGDEPHLFPKLLMKLTDLRTLSTQGLQRLFSLKLEDLVPLPPLLRKIFEDQLPFALLSLS,28,NR4,NR4,NR1,"[212, 0, 214, 63, 73, 224, 188, 217, 59, 143, 133, 119, 142, 5, 233, 37, 157, 48, 173, 174, 149, 87, 211, 84, 1, 114, 213, 163]",NR4-like
N6_N81_29,VSLIKSLVEAHLETYPSGLTQWKKGKYFLESPDPQREKADLEMFQQFYELATKSIQKIREFAERIPGFTDLPKEDQITLLKSAFMELLMLRLASRFNPEQDTLTFSGGLTLNRLQLRKGGFGELIDPIFEFSQKLRALNLDVSEYALLAAIVLLSARPGLQEPERVERLQEKILEALKNYIRRRHPGDEPHLFPKLLMKLTELRTLSTQGLQRLFSLKLEDLVPLPPLLRKIFEDQLPFALLSLS,29,NR4,NR4,NR1,"[212, 0, 214, 63, 73, 224, 188, 217, 59, 143, 133, 119, 142, 5, 233, 37, 157, 48, 173, 174, 149, 87, 211, 84, 1, 114, 213, 163, 204]",NR4-like
N6_N81_30,VSLIKSLVEAHLETYPSGLTQWKKGKYFLESPDPQREKADLEMFQQFYELATKSIQKIREFAERIPGFTDLPKEDQITLLKSAFMELLMLRLASRFNPEQDTLTFSGGLTLNRLQLRKGGFGELIDPIFEFSQKLRALNLDVSEYALLAALVLLSARPGLQEPERVERLQEKILEALKNYIRRRHPGDEPHLFPKLLMKLTELRTLSTQGLQRLFSLKLEDLVPLPPLLRKIFEDQLPFALLSLS,30,NR4,NR4,NR1,"[212, 0, 214, 63, 73, 224, 188, 217, 59, 143, 133, 119, 142, 5, 233, 37, 157, 48, 173, 174, 149, 87, 211, 84, 1, 114, 213, 163, 204, 151]",NR4-like
N6_N81_31,VSLIKSLVEAHLETYPSGLTQWKKGKYFLESPDPQREKADLEMFQQFYELATKSIQKIREFAERIPGFTDLPKEDQITLLKSAFMELLMLRLASRFNPEQDTLTFSGGLTLNRLQLRKGGFGELIDPIFEFSQKLRALNLDVSEYALLAALVLLSARPGLQEPERVERLQEKILEALKNYIRRRHPGDEPHLLPKLLMKLTELRTLSTQGLQRLFSLKLEDLVPLPPLLRKIFEDQLPFALLSLS,31,NR4,NR4,NR1,"[212, 0, 214, 63, 73, 224, 188, 217, 59, 143, 133, 119, 142, 5, 233, 37, 157, 48, 173, 174, 149, 87, 211, 84, 1, 114, 213, 163, 204, 151, 195]",NR4-like
N6_N81_32,VSLIKSLVEAHLETYPSGLTQWKKGKYFLESPDPQREKADLEMFQQFYELATKSIQKIREFAERIPGFTDLPKEDQDTLLKSAFMELLMLRLASRFNPEQDTLTFSGGLTLNRLQLRKGGFGELIDPIFEFSQKLRALNLDVSEYALLAALVLLSARPGLQEPERVERLQEKILEALKNYIRRRHPGDEPHLLPKLLMKLTELRTLSTQGLQRLFSLKLEDLVPLPPLLRKIFEDQLPFALLSLS,32,NR4,NR4,NR1,"[212, 0, 214, 63, 73, 224, 188, 217, 59, 143, 133, 119, 142, 5, 233, 37, 157, 48, 173, 174, 149, 87, 211, 84, 1, 114, 213, 163, 204, 151, 195, 77]",NR4-like
N6_N81_33,VSLIKSLVEAHLETYPSGLTQWKKGKYFLESPDPQREKADLEMFQQFYELATKSIQKIREFAERIPGFTDLPKEDQDTLLKSAFMELLMLRLASRFNPEQDTLTFSGGLTLNRLQLRKGGFGELIDPIFEFSQKLRALNLDVSEYACLAALVLLSARPGLQEPERVERLQEKILEALKNYIRRRHPGDEPHLLPKLLMKLTELRTLSTQGLQRLFSLKLEDLVPLPPLLRKIFEDQLPFALLSLS,33,NR4,NR4,NR1,"[212, 0, 214, 63, 73, 224, 188, 217, 59, 143, 133, 119, 142, 5, 233, 37, 157, 48, 173, 174, 149, 87, 211, 84, 1, 114, 213, 163, 204, 151, 195, 77, 147]",NR4-like
N6_N81_34,VSLIKSLVEAHLETYPSGLTQWKKGKYFLESPDPQREKADLEMFQQFYELATKSIQKIREFAERIPGFTDLPKEDQDTLLKSAFMELLMLRLASRFNPEQDTLTFSGGLTLNRLQLRKGGFGELIDPIFEFSQKLRALNLDVSEYACLAALVLLSARPGLQEPERVERLQEKILEALKNYIRRRHPGDEPHLLPKLLMKLTELRTLSTQGLQRLFSLKLEDLVPLPPLLRKIFEDQLPFALSLS,34,NR4,NR4,NR1,"[212, 0, 214, 63, 73, 224, 188, 217, 59, 143, 133, 119, 142, 5, 233, 37, 157, 48, 173, 174, 149, 87, 211, 84, 1, 114, 213, 163, 204, 151, 195, 77, 147, 243]",NR4-like
N6_N81_35,VSLIKSLVEAHLETYPSGLTQWKKGKYFLESPDPQREKADLEMFQQFYELATKSIQKIREFAERIPGFTDLPKEDQDTLLKSAFMELLMLRLASRFNPEQDTLTFSGGLTLNRLQLRKGGFGELIDPIFEFSQKLRALNLDVSEYACLAALVLLSARPGLQEPERVERLQEKILEALKNYIRRRHPGDEPHLLPKLLMKLTELRTLSTQGLQRLFSLKLEDLVPLPPLLRKIFEDQLPFALSS,35,NR4,NR4,NR1,"[212, 0, 214, 63, 73, 224, 188, 217, 59, 143, 133, 119, 142, 5, 233, 37, 157, 48, 173, 174, 149, 87, 211, 84, 1, 114, 213, 163, 204, 151, 195, 77, 147, 243, 246]",NR4-like
N6_N81_36,VSLIKSLVEAHLETYPSGLTQWKKGKYFLESPDPQREKADLEMFQQFYELATKSIQKIREFAERIPGFTDLPKEDQDTLLKSAFMELLMLRLASRFNPEQDTLTFSGGLTLNRLQLRKGGFGELIDPIFEFSQKLRRLNLDVSEYACLAALVLLSARPGLQEPERVERLQEKILEALKNYIRRRHPGDEPHLLPKLLMKLTELRTLSTQGLQRLFSLKLEDLVPLPPLLRKIFEDQLPFALSS,36,NR4,NR4,NR1,"[212, 0, 214, 63, 73, 224, 188, 217, 59, 143, 133, 119, 142, 5, 233, 37, 157, 48, 173, 174, 149, 87, 211, 84, 1, 114, 213, 163, 204, 151, 195, 77, 147, 243, 246, 137]",NR4-like
N6_N81_37,VSLIKSLVEAHLETYPSGLTQWKKGKYFLESPDPQREKADLEMFQQFYELATKSIQKIREFAERIPGFTDLPKEDQDTLLKSAFMELLMLRLASRFNPEQDTLTFSGGLTLNRLQLRKGGFGELIDPIFEFSQKLRRLNLDVSEYACLAALVLISARPGLQEPERVERLQEKILEALKNYIRRRHPGDEPHLLPKLLMKLTELRTLSTQGLQRLFSLKLEDLVPLPPLLRKIFEDQLPFALSS,37,NR4,NR4,NR1,"[212, 0, 214, 63, 73, 224, 188, 217, 59, 143, 133, 119, 142, 5, 233, 37, 157, 48, 173, 174, 149, 87, 211, 84, 1, 114, 213, 163, 204, 151, 195, 77, 147, 243, 246, 137, 154]",NR4-like
N6_N81_38,VSLIKSLVEAHLETYPSGLTQWKKGKYFLESPDPQREKADLEMFQQFYELATKSIQKIREFAERIPGFTDLPKEDQDTLLKSAFMELLMLRLASRFNPEQDTLTFSGGLTLNRLQLRKGGFGELIDPIFEFSQKLRRLNLDVSEYACLAALVLITARPGLQEPERVERLQEKILEALKNYIRRRHPGDEPHLLPKLLMKLTELRTLSTQGLQRLFSLKLEDLVPLPPLLRKIFEDQLPFALSS,38,NR4,NR4,NR1,"[212, 0, 214, 63, 73, 224, 188, 217, 59, 143, 133, 119, 142, 5, 233, 37, 157, 48, 173, 174, 149, 87, 211, 84, 1, 114, 213, 163, 204, 151, 195, 77, 147, 243, 246, 137, 154, 155]",NR4-like
N6_N81_39,VSLIKSLVEAHLETYPSGLTQWKKGKYFLESPDPQREKADLEMFQQFYELLTKSIQKIREFAERIPGFTDLPKEDQDTLLKSAFMELLMLRLASRFNPEQDTLTFSGGLTLNRLQLRKGGFGELIDPIFEFSQKLRRLNLDVSEYACLAALVLITARPGLQEPERVERLQEKILEALKNYIRRRHPGDEPHLLPKLLMKLTELRTLSTQGLQRLFSLKLEDLVPLPPLLRKIFEDQLPFALSS,39,NR4,NR4,NR1,"[212, 0, 214, 63, 73, 224, 188, 217, 59, 143, 133, 119, 142, 5, 233, 37, 157, 48, 173, 174, 149, 87, 211, 84, 1, 114, 213, 163, 204, 151, 195, 77, 147, 243, 246, 137, 154, 155, 51]",NR4-like
N6_N81_40,VSLIKSLVEAHLETYPSGLTQWKKGKYFLESPDPQREKADLEMFQQFYELLTKSIQKIREFAERIPGFTDLPKEDQDTLLKSAFMELLMLRLAYRFNPEQDTLTFSGGLTLNRLQLRKGGFGELIDPIFEFSQKLRRLNLDVSEYACLAALVLITARPGLQEPERVERLQEKILEALKNYIRRRHPGDEPHLLPKLLMKLTELRTLSTQGLQRLFSLKLEDLVPLPPLLRKIFEDQLPFALSS,40,NR4,NR4,NR1,"[212, 0, 214, 63, 73, 224, 188, 217, 59, 143, 133, 119, 142, 5, 233, 37, 157, 48, 173, 174, 149, 87, 211, 84, 1, 114, 213, 163, 204, 151, 195, 77, 147, 243, 246, 137, 154, 155, 51, 94]",NR4-like
N6_N81_41,VSLIKSLVEAHLETYPSGLTQWKKGKYFLESPDPQREKADLEMFQQFYELLTKSIQKIREFAERIPGFTDLPKEDQDTLLKSAFMELLMLRLAYRFNPEQDTLTFSGGLTLNRLQLRKGGFGELIDPIFEFSQKLRRLNLDVSEYACLAALVLITARPGLQEPERVERLQEKIVEALKNYIRRRHPGDEPHLLPKLLMKLTELRTLSTQGLQRLFSLKLEDLVPLPPLLRKIFEDQLPFALSS,41,NR4,NR4,NR1,"[212, 0, 214, 63, 73, 224, 188, 217, 59, 143, 133, 119, 142, 5, 233, 37, 157, 48, 173, 174, 149, 87, 211, 84, 1, 114, 213, 163, 204, 151, 195, 77, 147, 243, 246, 137, 154, 155, 51, 94, 175]",NR4-like
N6_N81_42,VSLIKSLVEAHLETYPSGLTQWKKGKYFLESPDPQREKADLEMFQQFYELLTKSIQKIREFAERIPGFTDLPKEDQDTLLKSAFMELLMLRLAYRFNPEQDTLIFSGGLTLNRLQLRKGGFGELIDPIFEFSQKLRRLNLDVSEYACLAALVLITARPGLQEPERVERLQEKIVEALKNYIRRRHPGDEPHLLPKLLMKLTELRTLSTQGLQRLFSLKLEDLVPLPPLLRKIFEDQLPFALSS,42,NR4,NR4,NR1,"[212, 0, 214, 63, 73, 224, 188, 217, 59, 143, 133, 119, 142, 5, 233, 37, 157, 48, 173, 174, 149, 87, 211, 84, 1, 114, 213, 163, 204, 151, 195, 77, 147, 243, 246, 137, 154, 155, 51, 94, 175, 104]",NR4-like
N6_N81_43,VSLIKSLVEAHLETYPSGLTQWKKGKYFLESPDPQREKADLEMFQQFYELLTKSIQKIRKFAERIPGFTDLPKEDQDTLLKSAFMELLMLRLAYRFNPEQDTLIFSGGLTLNRLQLRKGGFGELIDPIFEFSQKLRRLNLDVSEYACLAALVLITARPGLQEPERVERLQEKIVEALKNYIRRRHPGDEPHLLPKLLMKLTELRTLSTQGLQRLFSLKLEDLVPLPPLLRKIFEDQLPFALSS,43,NR4,NR4,NR1,"[212, 0, 214, 63, 73, 224, 188, 217, 59, 143, 133, 119, 142, 5, 233, 37, 157, 48, 173, 174, 149, 87, 211, 84, 1, 114, 213, 163, 204, 151, 195, 77, 147, 243, 246, 137, 154, 155, 51, 94, 175, 104, 60]",NR4-like
N6_N81_44,VSLIKSLVEAHLETYPSGLTQWKKGKYLESPDPQREKADLEMFQQFYELLTKSIQKIRKFAERIPGFTDLPKEDQDTLLKSAFMELLMLRLAYRFNPEQDTLIFSGGLTLNRLQLRKGGFGELIDPIFEFSQKLRRLNLDVSEYACLAALVLITARPGLQEPERVERLQEKIVEALKNYIRRRHPGDEPHLLPKLLMKLTELRTLSTQGLQRLFSLKLEDLVPLPPLLRKIFEDQLPFALSS,44,NR4,NR4,NR1,"[212, 0, 214, 63, 73, 224, 188, 217, 59, 143, 133, 119, 142, 5, 233, 37, 157, 48, 173, 174, 149, 87, 211, 84, 1, 114, 213, 163, 204, 151, 195, 77, 147, 243, 246, 137, 154, 155, 51, 94, 175, 104, 60, 28]",NR4-like
N6_N81_45,VSLIKSLVEAHLETYPSGLTQWKKGKYLESPDPQREKADLEMFQQFYELLTKSIQKIRKFAERIPGFTDLPKEDQDTLLKSAFMELLMLRLAYRFNPEQDTLIFSGGLTLNRLQLRKGGFGELIDPIFEFSQKLRRLNLDVSEYACLAALVLITARPGLQEPERVERLQEKIVEALKNYIRRRHPGDEPHLLPKLLMKLTELRTLSTQGLQRLFSLKLEDLVPLPPLLRKIFEDQLPFALS,45,NR4,NR4,NR1,"[212, 0, 214, 63, 73, 224, 188, 217, 59, 143, 133, 119, 142, 5, 233, 37, 157, 48, 173, 174, 149, 87, 211, 84, 1, 114, 213, 163, 204, 151, 195, 77, 147, 243, 246, 137, 154, 155, 51, 94, 175, 104, 60, 28, 247]",NR4-like
N6_N81_46,VSLIKSLVEAHLETYPSGLTQWKKGKYLESPDPQREKADLEMFQQFYELLTKSIQKIRKFAERIPGFTDLPKEDQDTLLKSAFMELLMLRLAYRFNPEQDTLIFSGGLTLNRLQLRKGGFGELIDPIFEFSQKLRRLNLDVSEYACLAALVLITERPGLQEPERVERLQEKIVEALKNYIRRRHPGDEPHLLPKLLMKLTELRTLSTQGLQRLFSLKLEDLVPLPPLLRKIFEDQLPFALS,46,NR4,NR4,NR1,"[212, 0, 214, 63, 73, 224, 188, 217, 59, 143, 133, 119, 142, 5, 233, 37, 157, 48, 173, 174, 149, 87, 211, 84, 1, 114, 213, 163, 204, 151, 195, 77, 147, 243, 246, 137, 154, 155, 51, 94, 175, 104, 60, 28, 247, 156]",NR4-like
N6_N81_47,VSLIKSLVEAHLETYPSGLTQWKKGKYLESPDPQREKADLEMFQQFYELLTKSIQKIRKFAERIPGFTDLPKEDQDTLLKSAFMELLMLRLAYRFNPEQDTLIFSGGLTLNRLQLRKGGFGELIDPIFEFSQKLRRLNLDVSEYACLAALVLITERPGLQEPERVERLQEKIVEALKNYIRARHPGDEPHLLPKLLMKLTELRTLSTQGLQRLFSLKLEDLVPLPPLLRKIFEDQLPFALS,47,NR4,NR4,NR1,"[212, 0, 214, 63, 73, 224, 188, 217, 59, 143, 133, 119, 142, 5, 233, 37, 157, 48, 173, 174, 149, 87, 211, 84, 1, 114, 213, 163, 204, 151, 195, 77, 147, 243, 246, 137, 154, 155, 51, 94, 175, 104, 60, 28, 247, 156, 184]",NR4-like
N6_N81_48,VSLIKSLVEAHLETYPSGLTQWKKGKYLESPDPQREKADLEMFQQFYELLTKSIQKIRKFAERIPGFTDLPKEDQDTLLKSAFMELLMLRLAYRFNPEQDTLIFSGGLTLNRLQLRRGGFGELIDPIFEFSQKLRRLNLDVSEYACLAALVLITERPGLQEPERVERLQEKIVEALKNYIRARHPGDEPHLLPKLLMKLTELRTLSTQGLQRLFSLKLEDLVPLPPLLRKIFEDQLPFALS,48,NR4,NR4,NR1,"[212, 0, 214, 63, 73, 224, 188, 217, 59, 143, 133, 119, 142, 5, 233, 37, 157, 48, 173, 174, 149, 87, 211, 84, 1, 114, 213, 163, 204, 151, 195, 77, 147, 243, 246, 137, 154, 155, 51, 94, 175, 104, 60, 28, 247, 156, 184, 118]",NR4-like
N6_N81_49,VSLIKSLVEAHLETYPSGLTQWKKGKYLESPDPQREKADLEMFQQFYELLTKSIQKIRKFAERIPGFTDLPKEDQDTLLKSAFMELLMLRLAYRFNPEQDTLIFSGGLTLNRLQLRRGGFGELIDPIFEFSQKLRRLNLDVSEYACLAALVLITERPGLQEPERVERLQEKIVEALKNYIRARHPGDEPHYLPKLLMKLTELRTLSTQGLQRLFSLKLEDLVPLPPLLRKIFEDQLPFALS,49,NR4,NR4,NR1,"[212, 0, 214, 63, 73, 224, 188, 217, 59, 143, 133, 119, 142, 5, 233, 37, 157, 48, 173, 174, 149, 87, 211, 84, 1, 114, 213, 163, 204, 151, 195, 77, 147, 243, 246, 137, 154, 155, 51, 94, 175, 104, 60, 28, 247, 156, 184, 118, 194]",NR4-like
N6_N81_50,VSLIKSLVEAHLETYPSGLTQWKKGKYLESPDPQREKADLEMFQQFYELLTKSIQKIRKFAERIPGFTDLPKEDQDTLLKSAFMELLMLRLAYRFNPEQDTLIFSGGLTLNRLQLRRGGFGELIDPIFEFSQKLRRLNLDVSEYACLAALVLITERPGLQEPERVERLQEKIVEALKNYIRARHPGDRPHYLPKLLMKLTELRTLSTQGLQRLFSLKLEDLVPLPPLLRKIFEDQLPFALS,50,NR4,NR4,NR1,"[212, 0, 214, 63, 73, 224, 188, 217, 59, 143, 133, 119, 142, 5, 233, 37, 157, 48, 173, 174, 149, 87, 211, 84, 1, 114, 213, 163, 204, 151, 195, 77, 147, 243, 246, 137, 154, 155, 51, 94, 175, 104, 60, 28, 247, 156, 184, 118, 194, 191]",NR4-like
N6_N81_51,VSLIKSLVEAHLETYPSGLTQWKKGKYLESPDPQREKADLEMFQQFYELLTKSIQKIRKFAERIPGFTDLPKEDQDTLLKSAFMELLMLRLAYRFNPEQDTLIFSGGLTLNRLQLRRGGFGELIDPIFEFSQKLRRLNLDVSEYACLAALVLITERPGLQEPERVERLQEKIVEALKNYIRARHPGDRPHYLPKLLMKLTELRTLSTQGLQRLFSLKLEDLVPLPPLLRKIFEDTLPFALS,51,NR4,NR4,NR1,"[212, 0, 214, 63, 73, 224, 188, 217, 59, 143, 133, 119, 142, 5, 233, 37, 157, 48, 173, 174, 149, 87, 211, 84, 1, 114, 213, 163, 204, 151, 195, 77, 147, 243, 246, 137, 154, 155, 51, 94, 175, 104, 60, 28, 247, 156, 184, 118, 194, 191, 238]",NR4-like
N6_N81_52,VSLIKSLVEAHLETYPSGLTQWKKGKYLESPDPQREKADAEMFQQFYELLTKSIQKIRKFAERIPGFTDLPKEDQDTLLKSAFMELLMLRLAYRFNPEQDTLIFSGGLTLNRLQLRRGGFGELIDPIFEFSQKLRRLNLDVSEYACLAALVLITERPGLQEPERVERLQEKIVEALKNYIRARHPGDRPHYLPKLLMKLTELRTLSTQGLQRLFSLKLEDLVPLPPLLRKIFEDTLPFALS,52,NR4,NR4,NR1,"[212, 0, 214, 63, 73, 224, 188, 217, 59, 143, 133, 119, 142, 5, 233, 37, 157, 48, 173, 174, 149, 87, 211, 84, 1, 114, 213, 163, 204, 151, 195, 77, 147, 243, 246, 137, 154, 155, 51, 94, 175, 104, 60, 28, 247, 156, 184, 118, 194, 191, 238, 41]",NR4-like
N6_N81_53,VSLIKSLVEAHLETYPSGLTQWKKGKYLESPDPQREKADAEMFQQFYELLTKSIQKIRKFAERIPGFTDLPKEDQDTLLKSAFMELLMLRLAYRFNPEQDTLIFSNGLTLNRLQLRRGGFGELIDPIFEFSQKLRRLNLDVSEYACLAALVLITERPGLQEPERVERLQEKIVEALKNYIRARHPGDRPHYLPKLLMKLTELRTLSTQGLQRLFSLKLEDLVPLPPLLRKIFEDTLPFALS,53,NR4,NR4,NR1,"[212, 0, 214, 63, 73, 224, 188, 217, 59, 143, 133, 119, 142, 5, 233, 37, 157, 48, 173, 174, 149, 87, 211, 84, 1, 114, 213, 163, 204, 151, 195, 77, 147, 243, 246, 137, 154, 155, 51, 94, 175, 104, 60, 28, 247, 156, 184, 118, 194, 191, 238, 41, 107]",NR4-like
N6_N81_54,VSLIKSLVEAHLETYPSGLTQWKKGKYLESPDPQREKADAEMFQQFYELLTKSMQKIRKFAERIPGFTDLPKEDQDTLLKSAFMELLMLRLAYRFNPEQDTLIFSNGLTLNRLQLRRGGFGELIDPIFEFSQKLRRLNLDVSEYACLAALVLITERPGLQEPERVERLQEKIVEALKNYIRARHPGDRPHYLPKLLMKLTELRTLSTQGLQRLFSLKLEDLVPLPPLLRKIFEDTLPFALS,54,NR4,NR4,NR1,"[212, 0, 214, 63, 73, 224, 188, 217, 59, 143, 133, 119, 142, 5, 233, 37, 157, 48, 173, 174, 149, 87, 211, 84, 1, 114, 213, 163, 204, 151, 195, 77, 147, 243, 246, 137, 154, 155, 51, 94, 175, 104, 60, 28, 247, 156, 184, 118, 194, 191, 238, 41, 107, 55]",NR4-like
N6_N81_55,VSLIKSLVEAHLETYPSGLTQWKKGKYLESPDPQREKADAEMFQQFYELLTKSMQKIRKFAERIPGFTDLPKEDQDTLLKSAFMELLMLRLAYRFNPEQDTLIFSNGLTLNRLQLRRGGFGELIDPIFEFSQKLRRLNLDVSEYACLAALVLITERPGLQEPERVERLQEKIVEALKNYIAARHPGDRPHYLPKLLMKLTELRTLSTQGLQRLFSLKLEDLVPLPPLLRKIFEDTLPFALS,55,NR4,NR4,NR1,"[212, 0, 214, 63, 73, 224, 188, 217, 59, 143, 133, 119, 142, 5, 233, 37, 157, 48, 173, 174, 149, 87, 211, 84, 1, 114, 213, 163, 204, 151, 195, 77, 147, 243, 246, 137, 154, 155, 51, 94, 175, 104, 60, 28, 247, 156, 184, 118, 194, 191, 238, 41, 107, 55, 183]",NR4-like
N6_N81_56,VSLIKSLVEAHLETYPSGLTQWKKGKYLESPDPQREKADAEMFQQFYELLTKSMQKIRKFAERIPGFTDLPKEDQDTLLKSAFMELLMLRLAYRSNPEQDTLIFSNGLTLNRLQLRRGGFGELIDPIFEFSQKLRRLNLDVSEYACLAALVLITERPGLQEPERVERLQEKIVEALKNYIAARHPGDRPHYLPKLLMKLTELRTLSTQGLQRLFSLKLEDLVPLPPLLRKIFEDTLPFALS,56,NR4,NR4,NR1,"[212, 0, 214, 63, 73, 224, 188, 217, 59, 143, 133, 119, 142, 5, 233, 37, 157, 48, 173, 174, 149, 87, 211, 84, 1, 114, 213, 163, 204, 151, 195, 77, 147, 243, 246, 137, 154, 155, 51, 94, 175, 104, 60, 28, 247, 156, 184, 118, 194, 191, 238, 41, 107, 55, 183, 96]",NR4-like
N6_N81_57,VSLIKSLVEAHLETYPSGLTQWKKGKYLESPDPQREKADAEMFQQFYELLTKSMQKIRKFAERIPGFTDLPKEDQDTLLKSAFMELLMLRLAYRSNPEQDTLIFSNGLTLHRLQLRRGGFGELIDPIFEFSQKLRRLNLDVSEYACLAALVLITERPGLQEPERVERLQEKIVEALKNYIAARHPGDRPHYLPKLLMKLTELRTLSTQGLQRLFSLKLEDLVPLPPLLRKIFEDTLPFALS,57,NR4,NR4,NR1,"[212, 0, 214, 63, 73, 224, 188, 217, 59, 143, 133, 119, 142, 5, 233, 37, 157, 48, 173, 174, 149, 87, 211, 84, 1, 114, 213, 163, 204, 151, 195, 77, 147, 243, 246, 137, 154, 155, 51, 94, 175, 104, 60, 28, 247, 156, 184, 118, 194, 191, 238, 41, 107, 55, 183, 96, 112]",NR4-like
N6_N81_58,VSLIKSLVEAHLETYPSGLTQWKKGKYLESPDPQREKADAEDFQQFYELLTKSMQKIRKFAERIPGFTDLPKEDQDTLLKSAFMELLMLRLAYRSNPEQDTLIFSNGLTLHRLQLRRGGFGELIDPIFEFSQKLRRLNLDVSEYACLAALVLITERPGLQEPERVERLQEKIVEALKNYIAARHPGDRPHYLPKLLMKLTELRTLSTQGLQRLFSLKLEDLVPLPPLLRKIFEDTLPFALS,58,NR4,NR4,NR1,"[212, 0, 214, 63, 73, 224, 188, 217, 59, 143, 133, 119, 142, 5, 233, 37, 157, 48, 173, 174, 149, 87, 211, 84, 1, 114, 213, 163, 204, 151, 195, 77, 147, 243, 246, 137, 154, 155, 51, 94, 175, 104, 60, 28, 247, 156, 184, 118, 194, 191, 238, 41, 107, 55, 183, 96, 112, 43]",NR4-like
N6_N81_59,VSLIKSLVEAHLETYPSGLTQWKKGKYLESPDPQREKADAEDFQQFYELLTKSMQKIRKFAERIPGFTDLPKEDQDTLLKSAFMELLMLRLAYRSNPEQDTLIFSNGLTLHRLQLRRGGFGELIDPIFEFSQKLRRLNLDVSEYACLAALVLITERPGLQEPERVERLQEKIVEALKNYIAARHPGPDRPHYLPKLLMKLTELRTLSTQGLQRLFSLKLEDLVPLPPLLRKIFEDTLPFALS,59,NR4,NR4,NR1,"[212, 0, 214, 63, 73, 224, 188, 217, 59, 143, 133, 119, 142, 5, 233, 37, 157, 48, 173, 174, 149, 87, 211, 84, 1, 114, 213, 163, 204, 151, 195, 77, 147, 243, 246, 137, 154, 155, 51, 94, 175, 104, 60, 28, 247, 156, 184, 118, 194, 191, 238, 41, 107, 55, 183, 96, 112, 43, 189]",NR4-like
N6_N81_60,VSLIKSLVEAHLETYPSGLTQWKKGKYLESPDPQREKADAEDFQQFYELLTKSMQKIRKFAERIPGFTDLPKEDQDTLLKSAFMELLMLRLAYRSNPEQDTLIFSNGLTLHRLQLRRGGFGEWIDPIFEFSQKLRRLNLDVSEYACLAALVLITERPGLQEPERVERLQEKIVEALKNYIAARHPGPDRPHYLPKLLMKLTELRTLSTQGLQRLFSLKLEDLVPLPPLLRKIFEDTLPFALS,60,NR4,NR4,NR1,"[212, 0, 214, 63, 73, 224, 188, 217, 59, 143, 133, 119, 142, 5, 233, 37, 157, 48, 173, 174, 149, 87, 211, 84, 1, 114, 213, 163, 204, 151, 195, 77, 147, 243, 246, 137, 154, 155, 51, 94, 175, 104, 60, 28, 247, 156, 184, 118, 194, 191, 238, 41, 107, 55, 183, 96, 112, 43, 189, 124]",NR4-like
N6_N81_61,VSLIKSLVEAHLETYPSGLTQWKKGKYLESPDPQREKADAEDFQQFYELLTKSMQKIRKFAERIPGFTDLPKEDQDTLLKSAFMELLMLRLAYRSNPEQDTLIFSNGLTLHRLQLRRGGFGEWIDPIFEFSQKLRRLNLDVSEYACLAALVLITERPGLQEPERVERLQEKIVEALKNYIAANHPGPDRPHYLPKLLMKLTELRTLSTQGLQRLFSLKLEDLVPLPPLLRKIFEDTLPFALS,61,NR4,NR4,NR1,"[212, 0, 214, 63, 73, 224, 188, 217, 59, 143, 133, 119, 142, 5, 233, 37, 157, 48, 173, 174, 149, 87, 211, 84, 1, 114, 213, 163, 204, 151, 195, 77, 147, 243, 246, 137, 154, 155, 51, 94, 175, 104, 60, 28, 247, 156, 184, 118, 194, 191, 238, 41, 107, 55, 183, 96, 112, 43, 189, 124, 185]",NR4-like
N6_N81_62,VSLIKSLVEAHLETYPSGLTQWKKGKYLESPDPQREKADAEDFQQFYELLTKSMQKIRKFAERIPGFTDLPKEDQDTLLKSAFMELLMLRLAYRSNPEQDTLIFSNGLTLHRLQLRRGGFGEWIDPIFEFSQKLRRLNLDVSEYACLAALVLITERPGLQEPERVERLQEKIVEALKNYIAANHPGPDRPHYLPKLLGKLTELRTLSTQGLQRLFSLKLEDLVPLPPLLRKIFEDTLPFALS,62,NR4,NR4,NR1,"[212, 0, 214, 63, 73, 224, 188, 217, 59, 143, 133, 119, 142, 5, 233, 37, 157, 48, 173, 174, 149, 87, 211, 84, 1, 114, 213, 163, 204, 151, 195, 77, 147, 243, 246, 137, 154, 155, 51, 94, 175, 104, 60, 28, 247, 156, 184, 118, 194, 191, 238, 41, 107, 55, 183, 96, 112, 43, 189, 124, 185, 200]",NR4-like
N6_N81_63,VSLIKSLVEAHLETYPSGLTQWKKGKYLESPDPQREKADAEDFQQFYELLTKSMQKIRKFAERIPGFTDLPKEDQDTLLKSAFMELFMLRLAYRSNPEQDTLIFSNGLTLHRLQLRRGGFGEWIDPIFEFSQKLRRLNLDVSEYACLAALVLITERPGLQEPERVERLQEKIVEALKNYIAANHPGPDRPHYLPKLLGKLTELRTLSTQGLQRLFSLKLEDLVPLPPLLRKIFEDTLPFALS,63,NR4,NR4,NR1,"[212, 0, 214, 63, 73, 224, 188, 217, 59, 143, 133, 119, 142, 5, 233, 37, 157, 48, 173, 174, 149, 87, 211, 84, 1, 114, 213, 163, 204, 151, 195, 77, 147, 243, 246, 137, 154, 155, 51, 94, 175, 104, 60, 28, 247, 156, 184, 118, 194, 191, 238, 41, 107, 55, 183, 96, 112, 43, 189, 124, 185, 200, 88]",NR4-like
N6_N81_64,VSLITSLVEAHLETYPSGLTQWKKGKYLESPDPQREKADAEDFQQFYELLTKSMQKIRKFAERIPGFTDLPKEDQDTLLKSAFMELFMLRLAYRSNPEQDTLIFSNGLTLHRLQLRRGGFGEWIDPIFEFSQKLRRLNLDVSEYACLAALVLITERPGLQEPERVERLQEKIVEALKNYIAANHPGPDRPHYLPKLLGKLTELRTLSTQGLQRLFSLKLEDLVPLPPLLRKIFEDTLPFALS,64,NR4,NR4,NR1,"[212, 0, 214, 63, 73, 224, 188, 217, 59, 143, 133, 119, 142, 5, 233, 37, 157, 48, 173, 174, 149, 87, 211, 84, 1, 114, 213, 163, 204, 151, 195, 77, 147, 243, 246, 137, 154, 155, 51, 94, 175, 104, 60, 28, 247, 156, 184, 118, 194, 191, 238, 41, 107, 55, 183, 96, 112, 43, 189, 124, 185, 200, 88, 4]",NR4-like
N6_N81_65,VSLITSLVEAHLETYPSGLTQWKKFKYLESPDPQREKADAEDFQQFYELLTKSMQKIRKFAERIPGFTDLPKEDQDTLLKSAFMELFMLRLAYRSNPEQDTLIFSNGLTLHRLQLRRGGFGEWIDPIFEFSQKLRRLNLDVSEYACLAALVLITERPGLQEPERVERLQEKIVEALKNYIAANHPGPDRPHYLPKLLGKLTELRTLSTQGLQRLFSLKLEDLVPLPPLLRKIFEDTLPFALS,65,NR4,NR4,NR1,"[212, 0, 214, 63, 73, 224, 188, 217, 59, 143, 133, 119, 142, 5, 233, 37, 157, 48, 173, 174, 149, 87, 211, 84, 1, 114, 213, 163, 204, 151, 195, 77, 147, 243, 246, 137, 154, 155, 51, 94, 175, 104, 60, 28, 247, 156, 184, 118, 194, 191, 238, 41, 107, 55, 183, 96, 112, 43, 189, 124, 185, 200, 88, 4, 25]",NR4-like
N6_N81_66,VSLITSLVEAHLETYPSGLTQWKKFKYLESPDPQREKADAEDFQQFYELLTKSMQKIRKFAERIPGFTDLPKEDQDTLLKSAFMELFMLRLAYRSNPEQDTLIFSNGLTLHRLQLRRGFGEWIDPIFEFSQKLRRLNLDVSEYACLAALVLITERPGLQEPERVERLQEKIVEALKNYIAANHPGPDRPHYLPKLLGKLTELRTLSTQGLQRLFSLKLEDLVPLPPLLRKIFEDTLPFALS,66,NR4,NR4,NR1,"[212, 0, 214, 63, 73, 224, 188, 217, 59, 143, 133, 119, 142, 5, 233, 37, 157, 48, 173, 174, 149, 87, 211, 84, 1, 114, 213, 163, 204, 151, 195, 77, 147, 243, 246, 137, 154, 155, 51, 94, 175, 104, 60, 28, 247, 156, 184, 118, 194, 191, 238, 41, 107, 55, 183, 96, 112, 43, 189, 124, 185, 200, 88, 4, 25, 120]",NR4-like
N6_N81_67,VSLITSLVEAHLETYPSGLTQWKKFKYLESPDPQREKADAEDFQQFYELLTKSMQKIRKFAERIPGFTDLPKEDQDTLLKSAFMELFMLRLAYRSNPEQDTLIFSNGLTLHRLQLRRGFGEWIDSIFEFSQKLRRLNLDVSEYACLAALVLITERPGLQEPERVERLQEKIVEALKNYIAANHPGPDRPHYLPKLLGKLTELRTLSTQGLQRLFSLKLEDLVPLPPLLRKIFEDTLPFALS,67,NR4,NR4,NR1,"[212, 0, 214, 63, 73, 224, 188, 217, 59, 143, 133, 119, 142, 5, 233, 37, 157, 48, 173, 174, 149, 87, 211, 84, 1, 114, 213, 163, 204, 151, 195, 77, 147, 243, 246, 137, 154, 155, 51, 94, 175, 104, 60, 28, 247, 156, 184, 118, 194, 191, 238, 41, 107, 55, 183, 96, 112, 43, 189, 124, 185, 200, 88, 4, 25, 120, 127]",NR4-like
N6_N81_68,VSLITSLVEAHLETYPSGLTQWKKFKYLESPDPQREKADAEDFQQFYELLTKSMQKIRKFAERIPGFTDLPKEDQDTLLKSAFLELFMLRLAYRSNPEQDTLIFSNGLTLHRLQLRRGFGEWIDSIFEFSQKLRRLNLDVSEYACLAALVLITERPGLQEPERVERLQEKIVEALKNYIAANHPGPDRPHYLPKLLGKLTELRTLSTQGLQRLFSLKLEDLVPLPPLLRKIFEDTLPFALS,68,NR4,NR4,NR1,"[212, 0, 214, 63, 73, 224, 188, 217, 59, 143, 133, 119, 142, 5, 233, 37, 157, 48, 173, 174, 149, 87, 211, 84, 1, 114, 213, 163, 204, 151, 195, 77, 147, 243, 246, 137, 154, 155, 51, 94, 175, 104, 60, 28, 247, 156, 184, 118, 194, 191, 238, 41, 107, 55, 183, 96, 112, 43, 189, 124, 185, 200, 88, 4, 25, 120, 127, 85]",NR4-like
N6_N81_69,VSLITSLVEAHLETYPSGLTQWKKFKYLESPDPQREKADAEDFQQFYELLTKSMQKIRKFAERIPGFTDLPKEDQDTLLKSAFLELFMLRLAYRSNPEQDKLIFSNGLTLHRLQLRRGFGEWIDSIFEFSQKLRRLNLDVSEYACLAALVLITERPGLQEPERVERLQEKIVEALKNYIAANHPGPDRPHYLPKLLGKLTELRTLSTQGLQRLFSLKLEDLVPLPPLLRKIFEDTLPFALS,69,NR4,NR4,NR1,"[212, 0, 214, 63, 73, 224, 188, 217, 59, 143, 133, 119, 142, 5, 233, 37, 157, 48, 173, 174, 149, 87, 211, 84, 1, 114, 213, 163, 204, 151, 195, 77, 147, 243, 246, 137, 154, 155, 51, 94, 175, 104, 60, 28, 247, 156, 184, 118, 194, 191, 238, 41, 107, 55, 183, 96, 112, 43, 189, 124, 185, 200, 88, 4, 25, 120, 127, 85, 102]",NR4-like
N6_N81_70,VSLITSLVEAHLETYPSGLTQWSKFKYLESPDPQREKADAEDFQQFYELLTKSMQKIRKFAERIPGFTDLPKEDQDTLLKSAFLELFMLRLAYRSNPEQDKLIFSNGLTLHRLQLRRGFGEWIDSIFEFSQKLRRLNLDVSEYACLAALVLITERPGLQEPERVERLQEKIVEALKNYIAANHPGPDRPHYLPKLLGKLTELRTLSTQGLQRLFSLKLEDLVPLPPLLRKIFEDTLPFALS,70,NR4,NR4,NR1,"[212, 0, 214, 63, 73, 224, 188, 217, 59, 143, 133, 119, 142, 5, 233, 37, 157, 48, 173, 174, 149, 87, 211, 84, 1, 114, 213, 163, 204, 151, 195, 77, 147, 243, 246, 137, 154, 155, 51, 94, 175, 104, 60, 28, 247, 156, 184, 118, 194, 191, 238, 41, 107, 55, 183, 96, 112, 43, 189, 124, 185, 200, 88, 4, 25, 120, 127, 85, 102, 23]",NR4-like
N6_N81_71,VSLITSLVEAHLETYPSGLTQWSKFKYLESPDPQREKADAEDFQQFYELLTKSMQKIRKFAERIPGFTDLPKEDQDTLLKSAFLELFMLRLAYRSNPEQDKLIFSNGLTLHRLQLRRGFGEWIDSIFEFSQKLRRLNLDVSEYACLAALVLITERPGLQEPERVERLQEKIVEALKNYIAANHPGPDRPHYLPKLLGKLTELRTLSTQGLQRLFSLKLEDLVPPPPLLRKIFEDTLPFALS,71,NR4,NR4,NR1,"[212, 0, 214, 63, 73, 224, 188, 217, 59, 143, 133, 119, 142, 5, 233, 37, 157, 48, 173, 174, 149, 87, 211, 84, 1, 114, 213, 163, 204, 151, 195, 77, 147, 243, 246, 137, 154, 155, 51, 94, 175, 104, 60, 28, 247, 156, 184, 118, 194, 191, 238, 41, 107, 55, 183, 96, 112, 43, 189, 124, 185, 200, 88, 4, 25, 120, 127, 85, 102, 23, 227]",NR4-like
N6_N81_72,VSLITSLVEAHLETYPSGLTQWSKFKYLESPDPQREKADAEDFQQFYELLTKSMQKIRKFAERIPGFTDLPKEDQDTLLESAFLELFMLRLAYRSNPEQDKLIFSNGLTLHRLQLRRGFGEWIDSIFEFSQKLRRLNLDVSEYACLAALVLITERPGLQEPERVERLQEKIVEALKNYIAANHPGPDRPHYLPKLLGKLTELRTLSTQGLQRLFSLKLEDLVPPPPLLRKIFEDTLPFALS,72,NR4,NR4,NR1,"[212, 0, 214, 63, 73, 224, 188, 217, 59, 143, 133, 119, 142, 5, 233, 37, 157, 48, 173, 174, 149, 87, 211, 84, 1, 114, 213, 163, 204, 151, 195, 77, 147, 243, 246, 137, 154, 155, 51, 94, 175, 104, 60, 28, 247, 156, 184, 118, 194, 191, 238, 41, 107, 55, 183, 96, 112, 43, 189, 124, 185, 200, 88, 4, 25, 120, 127, 85, 102, 23, 227, 81]",NR4-like
N6_N81_73,VSLITSLVEAHLETYPSGLTQWSKFKYLESPDPQREKADAEDFQQFYELLTKSMQKIRKFAERIPGFTDLPKEDQDTLLESAFLELFMLRLAYRSNPEEDKLIFSNGLTLHRLQLRRGFGEWIDSIFEFSQKLRRLNLDVSEYACLAALVLITERPGLQEPERVERLQEKIVEALKNYIAANHPGPDRPHYLPKLLGKLTELRTLSTQGLQRLFSLKLEDLVPPPPLLRKIFEDTLPFALS,73,NR4,NR4,NR1,"[212, 0, 214, 63, 73, 224, 188, 217, 59, 143, 133, 119, 142, 5, 233, 37, 157, 48, 173, 174, 149, 87, 211, 84, 1, 114, 213, 163, 204, 151, 195, 77, 147, 243, 246, 137, 154, 155, 51, 94, 175, 104, 60, 28, 247, 156, 184, 118, 194, 191, 238, 41, 107, 55, 183, 96, 112, 43, 189, 124, 185, 200, 88, 4, 25, 120, 127, 85, 102, 23, 227, 81, 100]",NR4-like
N6_N81_74,VSLITSLVEAHLETYPSGLTQWSKFKYLESPDPQREKADAEDFQQFYELLTKSMQKIRKWAERIPGFTDLPKEDQDTLLESAFLELFMLRLAYRSNPEEDKLIFSNGLTLHRLQLRRGFGEWIDSIFEFSQKLRRLNLDVSEYACLAALVLITERPGLQEPERVERLQEKIVEALKNYIAANHPGPDRPHYLPKLLGKLTELRTLSTQGLQRLFSLKLEDLVPPPPLLRKIFEDTLPFALS,74,NR4,NR4,NR1,"[212, 0, 214, 63, 73, 224, 188, 217, 59, 143, 133, 119, 142, 5, 233, 37, 157, 48, 173, 174, 149, 87, 211, 84, 1, 114, 213, 163, 204, 151, 195, 77, 147, 243, 246, 137, 154, 155, 51, 94, 175, 104, 60, 28, 247, 156, 184, 118, 194, 191, 238, 41, 107, 55, 183, 96, 112, 43, 189, 124, 185, 200, 88, 4, 25, 120, 127, 85, 102, 23, 227, 81, 100, 61]",NR4-like
N6_N81_75,VSLITSLVEAHLETYPSGLTQWSKFKYLESPDCQREKADAEDFQQFYELLTKSMQKIRKWAERIPGFTDLPKEDQDTLLESAFLELFMLRLAYRSNPEEDKLIFSNGLTLHRLQLRRGFGEWIDSIFEFSQKLRRLNLDVSEYACLAALVLITERPGLQEPERVERLQEKIVEALKNYIAANHPGPDRPHYLPKLLGKLTELRTLSTQGLQRLFSLKLEDLVPPPPLLRKIFEDTLPFALS,75,NR4,NR4,NR1,"[212, 0, 214, 63, 73, 224, 188, 217, 59, 143, 133, 119, 142, 5, 233, 37, 157, 48, 173, 174, 149, 87, 211, 84, 1, 114, 213, 163, 204, 151, 195, 77, 147, 243, 246, 137, 154, 155, 51, 94, 175, 104, 60, 28, 247, 156, 184, 118, 194, 191, 238, 41, 107, 55, 183, 96, 112, 43, 189, 124, 185, 200, 88, 4, 25, 120, 127, 85, 102, 23, 227, 81, 100, 61, 34]",NR4-like
N6_N81_76,VSLITSLVEAHLETYPSGLTQWSKFKYLESPDCQREKADAEDFQQFYELLTKSMQKIRKWAERIPGFTDLPKEDQDTLLESAFLELFMLRLAYRSNPEEDKLIFSNGLTLHRLQLRRGFGEWIDSIFEFSQKLRRLNLDVSEYACLAALVLITERPGLQEPERVEELQEKIVEALKNYIAANHPGPDRPHYLPKLLGKLTELRTLSTQGLQRLFSLKLEDLVPPPPLLRKIFEDTLPFALS,76,NR4,NR4,NR1,"[212, 0, 214, 63, 73, 224, 188, 217, 59, 143, 133, 119, 142, 5, 233, 37, 157, 48, 173, 174, 149, 87, 211, 84, 1, 114, 213, 163, 204, 151, 195, 77, 147, 243, 246, 137, 154, 155, 51, 94, 175, 104, 60, 28, 247, 156, 184, 118, 194, 191, 238, 41, 107, 55, 183, 96, 112, 43, 189, 124, 185, 200, 88, 4, 25, 120, 127, 85, 102, 23, 227, 81, 100, 61, 34, 169]",NR4-like
N6_N81_77,VSLITSLVEAHLETYPSGLTQWSKFKYLESPDCQREKADAEDFQQFYELLTKSMQKIRKWAERIPGFTDLPKEDQDTLLESAFLELFMLRLAYRSNPEEDKLIFSNGLTLHRLQLRRGFGEWIDSIFEFSQKLRRLNLDVSEYACLAALVLITERPGLQEPERVEELQEKIVEALKNYIAANHAGPDRPHYLPKLLGKLTELRTLSTQGLQRLFSLKLEDLVPPPPLLRKIFEDTLPFALS,77,NR4,NR4,NR1,"[212, 0, 214, 63, 73, 224, 188, 217, 59, 143, 133, 119, 142, 5, 233, 37, 157, 48, 173, 174, 149, 87, 211, 84, 1, 114, 213, 163, 204, 151, 195, 77, 147, 243, 246, 137, 154, 155, 51, 94, 175, 104, 60, 28, 247, 156, 184, 118, 194, 191, 238, 41, 107, 55, 183, 96, 112, 43, 189, 124, 185, 200, 88, 4, 25, 120, 127, 85, 102, 23, 227, 81, 100, 61, 34, 169, 187]",NR4-like
N6_N81_78,VSLITSLVEAHLETYPSGKTQWSKFKYLESPDCQREKADAEDFQQFYELLTKSMQKIRKWAERIPGFTDLPKEDQDTLLESAFLELFMLRLAYRSNPEEDKLIFSNGLTLHRLQLRRGFGEWIDSIFEFSQKLRRLNLDVSEYACLAALVLITERPGLQEPERVEELQEKIVEALKNYIAANHAGPDRPHYLPKLLGKLTELRTLSTQGLQRLFSLKLEDLVPPPPLLRKIFEDTLPFALS,78,NR4,NR4,NR1,"[212, 0, 214, 63, 73, 224, 188, 217, 59, 143, 133, 119, 142, 5, 233, 37, 157, 48, 173, 174, 149, 87, 211, 84, 1, 114, 213, 163, 204, 151, 195, 77, 147, 243, 246, 137, 154, 155, 51, 94, 175, 104, 60, 28, 247, 156, 184, 118, 194, 191, 238, 41, 107, 55, 183, 96, 112, 43, 189, 124, 185, 200, 88, 4, 25, 120, 127, 85, 102, 23, 227, 81, 100, 61, 34, 169, 187, 19]",NR4-like
N6_N81_79,VSLITSLVEAHLETYPSGKTQWSKFKYESPDCQREKADAEDFQQFYELLTKSMQKIRKWAERIPGFTDLPKEDQDTLLESAFLELFMLRLAYRSNPEEDKLIFSNGLTLHRLQLRRGFGEWIDSIFEFSQKLRRLNLDVSEYACLAALVLITERPGLQEPERVEELQEKIVEALKNYIAANHAGPDRPHYLPKLLGKLTELRTLSTQGLQRLFSLKLEDLVPPPPLLRKIFEDTLPFALS,79,NR4,NR4,NR1,"[212, 0, 214, 63, 73, 224, 188, 217, 59, 143, 133, 119, 142, 5, 233, 37, 157, 48, 173, 174, 149, 87, 211, 84, 1, 114, 213, 163, 204, 151, 195, 77, 147, 243, 246, 137, 154, 155, 51, 94, 175, 104, 60, 28, 247, 156, 184, 118, 194, 191, 238, 41, 107, 55, 183, 96, 112, 43, 189, 124, 185, 200, 88, 4, 25, 120, 127, 85, 102, 23, 227, 81, 100, 61, 34, 169, 187, 19, 29]",NR4-like
N6_N81_80,VSLITSLVEAHLETYPSGKTQWSKFKYESPDCQREKADAEDFQQFYELLTKSMQKIRKWAERIPGFTDLPKEDQDTLLESAFLELFMLRLAYRSNPEEDKLIFSNGLTLHRLQLRRGFGEWIDSIFEFSQKLRRLNLDVSEYACLAALVLITERPGLQEPERVEELQEKIVEALKNYIAANHAGPDRPHYLPKLLGKLTELRTLCTQGLQRLFSLKLEDLVPPPPLLRKIFEDTLPFALS,80,NR4,NR4,NR1,"[212, 0, 214, 63, 73, 224, 188, 217, 59, 143, 133, 119, 142, 5, 233, 37, 157, 48, 173, 174, 149, 87, 211, 84, 1, 114, 213, 163, 204, 151, 195, 77, 147, 243, 246, 137, 154, 155, 51, 94, 175, 104, 60, 28, 247, 156, 184, 118, 194, 191, 238, 41, 107, 55, 183, 96, 112, 43, 189, 124, 185, 200, 88, 4, 25, 120, 127, 85, 102, 23, 227, 81, 100, 61, 34, 169, 187, 19, 29, 209]",NR4-like
N6_N81_81,VSLITSLVEAHLETYPSGKTQWSKFKYESPDCQREKADAEDFQQFYELLTKSMQKIRKWAERIPGFTDLPKEDQDTLLESAFLELFMLRLAYRSNPEEDKLIFSNGLTLHRLQLVRGFGEWIDSIFEFSQKLRRLNLDVSEYACLAALVLITERPGLQEPERVEELQEKIVEALKNYIAANHAGPDRPHYLPKLLGKLTELRTLCTQGLQRLFSLKLEDLVPPPPLLRKIFEDTLPFALS,81,NR4,NR4,NR1,"[212, 0, 214, 63, 73, 224, 188, 217, 59, 143, 133, 119, 142, 5, 233, 37, 157, 48, 173, 174, 149, 87, 211, 84, 1, 114, 213, 163, 204, 151, 195, 77, 147, 243, 246, 137, 154, 155, 51, 94, 175, 104, 60, 28, 247, 156, 184, 118, 194, 191, 238, 41, 107, 55, 183, 96, 112, 43, 189, 124, 185, 200, 88, 4, 25, 120, 127, 85, 102, 23, 227, 81, 100, 61, 34, 169, 187, 19, 29, 209, 117]",NR4-like
N6_N81_82,VSLITSLVEAHLETYPSGKTQWSKFKYESPDCQREKADAEDFQQFYELLTKSMQKIRKWAEKIPGFTDLPKEDQDTLLESAFLELFMLRLAYRSNPEEDKLIFSNGLTLHRLQLVRGFGEWIDSIFEFSQKLRRLNLDVSEYACLAALVLITERPGLQEPERVEELQEKIVEALKNYIAANHAGPDRPHYLPKLLGKLTELRTLCTQGLQRLFSLKLEDLVPPPPLLRKIFEDTLPFALS,82,NR4,NR4,NR1,"[212, 0, 214, 63, 73, 224, 188, 217, 59, 143, 133, 119, 142, 5, 233, 37, 157, 48, 173, 174, 149, 87, 211, 84, 1, 114, 213, 163, 204, 151, 195, 77, 147, 243, 246, 137, 154, 155, 51, 94, 175, 104, 60, 28, 247, 156, 184, 118, 194, 191, 238, 41, 107, 55, 183, 96, 112, 43, 189, 124, 185, 200, 88, 4, 25, 120, 127, 85, 102, 23, 227, 81, 100, 61, 34, 169, 187, 19, 29, 209, 117, 64]",NR4-like
N6_N81_83,VSLITSLVEAHLETYPSGKTQWSKFKYESPDCQREKADAEDFQQFYELLTKSMQKIRKWAEKIPGFTDLPKEDQDTLLESAFLELFMLRLAYRSNPEEDKLIFSNGLTLHRLQLVRGFGEWIDSIFEFSQKLRRLNLDVSEYACLAALVIITERPGLQEPERVEELQEKIVEALKNYIAANHAGPDRPHYLPKLLGKLTELRTLCTQGLQRLFSLKLEDLVPPPPLLRKIFEDTLPFALS,83,NR4,NR4,NR1,"[212, 0, 214, 63, 73, 224, 188, 217, 59, 143, 133, 119, 142, 5, 233, 37, 157, 48, 173, 174, 149, 87, 211, 84, 1, 114, 213, 163, 204, 151, 195, 77, 147, 243, 246, 137, 154, 155, 51, 94, 175, 104, 60, 28, 247, 156, 184, 118, 194, 191, 238, 41, 107, 55, 183, 96, 112, 43, 189, 124, 185, 200, 88, 4, 25, 120, 127, 85, 102, 23, 227, 81, 100, 61, 34, 169, 187, 19, 29, 209, 117, 64, 153]",NR4-like
N6_N81_84,VSLITSLVEAHLETYPSGKTQWSKFKYESPDCQREKADAEDFQQFYELLTKSMQKIRKWAEKIPGFTDLPKEDQDTLLESAFLELFMLRLAYRSNPEEDKLIFSNGLTLHRLQLVRGFGEWIDSIFEFSQKLRRLNLDVSEYACLAALVIITERPGLQEPERVEELQEKIVSALKNYIAANHAGPDRPHYLPKLLGKLTELRTLCTQGLQRLFSLKLEDLVPPPPLLRKIFEDTLPFALS,84,NR4,NR4,NR1,"[212, 0, 214, 63, 73, 224, 188, 217, 59, 143, 133, 119, 142, 5, 233, 37, 157, 48, 173, 174, 149, 87, 211, 84, 1, 114, 213, 163, 204, 151, 195, 77, 147, 243, 246, 137, 154, 155, 51, 94, 175, 104, 60, 28, 247, 156, 184, 118, 194, 191, 238, 41, 107, 55, 183, 96, 112, 43, 189, 124, 185, 200, 88, 4, 25, 120, 127, 85, 102, 23, 227, 81, 100, 61, 34, 169, 187, 19, 29, 209, 117, 64, 153, 176]",NR4-like
N6_N81_85,VSLITSLVEAHLETYPSGKTQWSKFKYESPDCQREKADAEDFQQFYELLTKSMQKIRKWAEKIPGFTDLPKEDQDTLLESAFLELFMLRLAYRSNPEEDKLIFSNGLTLHRLQLVRGFGEWIDSIFEFSQKLRRLNLDVSEFACLAALVIITERPGLQEPERVEELQEKIVSALKNYIAANHAGPDRPHYLPKLLGKLTELRTLCTQGLQRLFSLKLEDLVPPPPLLRKIFEDTLPFALS,85,NR4,NR4,NR1,"[212, 0, 214, 63, 73, 224, 188, 217, 59, 143, 133, 119, 142, 5, 233, 37, 157, 48, 173, 174, 149, 87, 211, 84, 1, 114, 213, 163, 204, 151, 195, 77, 147, 243, 246, 137, 154, 155, 51, 94, 175, 104, 60, 28, 247, 156, 184, 118, 194, 191, 238, 41, 107, 55, 183, 96, 112, 43, 189, 124, 185, 200, 88, 4, 25, 120, 127, 85, 102, 23, 227, 81, 100, 61, 34, 169, 187, 19, 29, 209, 117, 64, 153, 176, 145]",NR4-like
N6_N81_86,VSLITSLVEAHLETYPSGKTDWSKFKYESPDCQREKADAEDFQQFYELLTKSMQKIRKWAEKIPGFTDLPKEDQDTLLESAFLELFMLRLAYRSNPEEDKLIFSNGLTLHRLQLVRGFGEWIDSIFEFSQKLRRLNLDVSEFACLAALVIITERPGLQEPERVEELQEKIVSALKNYIAANHAGPDRPHYLPKLLGKLTELRTLCTQGLQRLFSLKLEDLVPPPPLLRKIFEDTLPFALS,86,NR4,NR4,NR1,"[212, 0, 214, 63, 73, 224, 188, 217, 59, 143, 133, 119, 142, 5, 233, 37, 157, 48, 173, 174, 149, 87, 211, 84, 1, 114, 213, 163, 204, 151, 195, 77, 147, 243, 246, 137, 154, 155, 51, 94, 175, 104, 60, 28, 247, 156, 184, 118, 194, 191, 238, 41, 107, 55, 183, 96, 112, 43, 189, 124, 185, 200, 88, 4, 25, 120, 127, 85, 102, 23, 227, 81, 100, 61, 34, 169, 187, 19, 29, 209, 117, 64, 153, 176, 145, 21]",NR4-like
N6_N81_87,VSLITSLVEAHLETYPSGKTDWSKFKYESPDCQREKADAEDFQQFYELLTKSMQKIRKWAEKIPGFTDLPKEDQDTLLESAFLELFMLRLAYRSNPEEDKLIFSNGLTLHRLQCVRGFGEWIDSIFEFSQKLRRLNLDVSEFACLAALVIITERPGLQEPERVEELQEKIVSALKNYIAANHAGPDRPHYLPKLLGKLTELRTLCTQGLQRLFSLKLEDLVPPPPLLRKIFEDTLPFALS,87,NR4,NR4,NR1,"[212, 0, 214, 63, 73, 224, 188, 217, 59, 143, 133, 119, 142, 5, 233, 37, 157, 48, 173, 174, 149, 87, 211, 84, 1, 114, 213, 163, 204, 151, 195, 77, 147, 243, 246, 137, 154, 155, 51, 94, 175, 104, 60, 28, 247, 156, 184, 118, 194, 191, 238, 41, 107, 55, 183, 96, 112, 43, 189, 124, 185, 200, 88, 4, 25, 120, 127, 85, 102, 23, 227, 81, 100, 61, 34, 169, 187, 19, 29, 209, 117, 64, 153, 176, 145, 21, 116]",NR4-like
N6_N81_88,VSLITSLVEAHLETYPSGKTDWSKFKESPDCQREKADAEDFQQFYELLTKSMQKIRKWAEKIPGFTDLPKEDQDTLLESAFLELFMLRLAYRSNPEEDKLIFSNGLTLHRLQCVRGFGEWIDSIFEFSQKLRRLNLDVSEFACLAALVIITERPGLQEPERVEELQEKIVSALKNYIAANHAGPDRPHYLPKLLGKLTELRTLCTQGLQRLFSLKLEDLVPPPPLLRKIFEDTLPFALS,88,NR4,NR4,NR1,"[212, 0, 214, 63, 73, 224, 188, 217, 59, 143, 133, 119, 142, 5, 233, 37, 157, 48, 173, 174, 149, 87, 211, 84, 1, 114, 213, 163, 204, 151, 195, 77, 147, 243, 246, 137, 154, 155, 51, 94, 175, 104, 60, 28, 247, 156, 184, 118, 194, 191, 238, 41, 107, 55, 183, 96, 112, 43, 189, 124, 185, 200, 88, 4, 25, 120, 127, 85, 102, 23, 227, 81, 100, 61, 34, 169, 187, 19, 29, 209, 117, 64, 153, 176, 145, 21, 116, 27]",NR4-like
N6_N81_89,VSLITSLVEAHLETYPSGKTDWSKFKESPDCQREKADAEDFQQFYELLTKSMQKIRKWAEKIPGFTDLPKEDQDTLLESAFLELFMLRLAYRSNPEEGKLIFSNGLTLHRLQCVRGFGEWIDSIFEFSQKLRRLNLDVSEFACLAALVIITERPGLQEPERVEELQEKIVSALKNYIAANHAGPDRPHYLPKLLGKLTELRTLCTQGLQRLFSLKLEDLVPPPPLLRKIFEDTLPFALS,89,NR4,NR4,NR4,"[212, 0, 214, 63, 73, 224, 188, 217, 59, 143, 133, 119, 142, 5, 233, 37, 157, 48, 173, 174, 149, 87, 211, 84, 1, 114, 213, 163, 204, 151, 195, 77, 147, 243, 246, 137, 154, 155, 51, 94, 175, 104, 60, 28, 247, 156, 184, 118, 194, 191, 238, 41, 107, 55, 183, 96, 112, 43, 189, 124, 185, 200, 88, 4, 25, 120, 127, 85, 102, 23, 227, 81, 100, 61, 34, 169, 187, 19, 29, 209, 117, 64, 153, 176, 145, 21, 116, 27, 101]",NR4
N6_N81_90,VSLITSLVEAHLETYPSGKTDWSKFKESPDCQREKADAEDFQQFYELLTKSMQKIRKWAEKIPGFTDLPKEDQDTLLESAFLELFMLRLAYRSNPEEGKLIFSNGLTLHRLQCVRGFGEWIDSIFEFSQKLRRLNLDVSEFACLAALVIITERPGLKEPERVEELQEKIVSALKNYIAANHAGPDRPHYLPKLLGKLTELRTLCTQGLQRLFSLKLEDLVPPPPLLRKIFEDTLPFALS,90,NR4,NR4,NR4,"[212, 0, 214, 63, 73, 224, 188, 217, 59, 143, 133, 119, 142, 5, 233, 37, 157, 48, 173, 174, 149, 87, 211, 84, 1, 114, 213, 163, 204, 151, 195, 77, 147, 243, 246, 137, 154, 155, 51, 94, 175, 104, 60, 28, 247, 156, 184, 118, 194, 191, 238, 41, 107, 55, 183, 96, 112, 43, 189, 124, 185, 200, 88, 4, 25, 120, 127, 85, 102, 23, 227, 81, 100, 61, 34, 169, 187, 19, 29, 209, 117, 64, 153, 176, 145, 21, 116, 27, 101, 162]",NR4
N6_N81_91,VSLITSLVEAHLETYPSGKTDWSKFKESPDCQREKADAEDFQQFYELLTKSMQKIRKWAEKIPGFTDLPKEDQDTLLESAFLELFMLRLAYRSNPEEGKLIFSNGLTLHRLQCVRGFGEWIDSIFEFSQKLRRLNLDVSEFACLAALVIITERPGLKEPERVEELQEKIVSALKNYIAANHAGPDRPHYLPKLLGKLTELRTLCTQGLQRLFSLKLEDLVPPPPLLRKIFEDTLPFLS,91,NR4,NR4,NR4,"[212, 0, 214, 63, 73, 224, 188, 217, 59, 143, 133, 119, 142, 5, 233, 37, 157, 48, 173, 174, 149, 87, 211, 84, 1, 114, 213, 163, 204, 151, 195, 77, 147, 243, 246, 137, 154, 155, 51, 94, 175, 104, 60, 28, 247, 156, 184, 118, 194, 191, 238, 41, 107, 55, 183, 96, 112, 43, 189, 124, 185, 200, 88, 4, 25, 120, 127, 85, 102, 23, 227, 81, 100, 61, 34, 169, 187, 19, 29, 209, 117, 64, 153, 176, 145, 21, 116, 27, 101, 162, 242]",NR4
N6_N81_92,VSLITSLVEAHLETYPSGKTDWSKFKESPDCQREKADAEDFQQFYELLTKSMQKIRKWAEKIPGFTDLPKEDQDTLLESAFLELFMLRLAYRSNPEEGKLIFSNGLTLHRLQCVRGFGEWIDSIFEFSQKLRRLNLDVSAFACLAALVIITERPGLKEPERVEELQEKIVSALKNYIAANHAGPDRPHYLPKLLGKLTELRTLCTQGLQRLFSLKLEDLVPPPPLLRKIFEDTLPFLS,92,NR4,NR4,NR4,"[212, 0, 214, 63, 73, 224, 188, 217, 59, 143, 133, 119, 142, 5, 233, 37, 157, 48, 173, 174, 149, 87, 211, 84, 1, 114, 213, 163, 204, 151, 195, 77, 147, 243, 246, 137, 154, 155, 51, 94, 175, 104, 60, 28, 247, 156, 184, 118, 194, 191, 238, 41, 107, 55, 183, 96, 112, 43, 189, 124, 185, 200, 88, 4, 25, 120, 127, 85, 102, 23, 227, 81, 100, 61, 34, 169, 187, 19, 29, 209, 117, 64, 153, 176, 145, 21, 116, 27, 101, 162, 242, 144]",NR4
N6_N81_93,VSLITSLVEAHLETYPSGKTDWSKFKESPDCQREKADAEDFQQFYELLTKSMEKIRKWAEKIPGFTDLPKEDQDTLLESAFLELFMLRLAYRSNPEEGKLIFSNGLTLHRLQCVRGFGEWIDSIFEFSQKLRRLNLDVSAFACLAALVIITERPGLKEPERVEELQEKIVSALKNYIAANHAGPDRPHYLPKLLGKLTELRTLCTQGLQRLFSLKLEDLVPPPPLLRKIFEDTLPFLS,93,NR4,NR4,NR4,"[212, 0, 214, 63, 73, 224, 188, 217, 59, 143, 133, 119, 142, 5, 233, 37, 157, 48, 173, 174, 149, 87, 211, 84, 1, 114, 213, 163, 204, 151, 195, 77, 147, 243, 246, 137, 154, 155, 51, 94, 175, 104, 60, 28, 247, 156, 184, 118, 194, 191, 238, 41, 107, 55, 183, 96, 112, 43, 189, 124, 185, 200, 88, 4, 25, 120, 127, 85, 102, 23, 227, 81, 100, 61, 34, 169, 187, 19, 29, 209, 117, 64, 153, 176, 145, 21, 116, 27, 101, 162, 242, 144, 56]",NR4
N6_N81_94,VSLITSLVEAHLETYPSGKTDWSKFKESPDCQREKADAEDFQQFYELLTKSMEKIRKWAEKIPGFSDLPKEDQDTLLESAFLELFMLRLAYRSNPEEGKLIFSNGLTLHRLQCVRGFGEWIDSIFEFSQKLRRLNLDVSAFACLAALVIITERPGLKEPERVEELQEKIVSALKNYIAANHAGPDRPHYLPKLLGKLTELRTLCTQGLQRLFSLKLEDLVPPPPLLRKIFEDTLPFLS,94,NR4,NR4,NR4,"[212, 0, 214, 63, 73, 224, 188, 217, 59, 143, 133, 119, 142, 5, 233, 37, 157, 48, 173, 174, 149, 87, 211, 84, 1, 114, 213, 163, 204, 151, 195, 77, 147, 243, 246, 137, 154, 155, 51, 94, 175, 104, 60, 28, 247, 156, 184, 118, 194, 191, 238, 41, 107, 55, 183, 96, 112, 43, 189, 124, 185, 200, 88, 4, 25, 120, 127, 85, 102, 23, 227, 81, 100, 61, 34, 169, 187, 19, 29, 209, 117, 64, 153, 176, 145, 21, 116, 27, 101, 162, 242, 144, 56, 69]",NR4
N6_N81_95,VSLITSLVEAHLETYPSGKTDWSKFKESPDCQREKADAEDFQQFYELLTKSMEKIRKWAEKIPGFSDLPKEDQDTLLESAFLELFMLRLAYRSNPEEGKLIFSNGLTLHRLQCVRGFGEWIDSIFEFSQKLRRLNLDVSAFACLAALVIITERPGLKEPERVEELQEKIVSALKNYIAANHAGPDRPHYLPKLLGKLTELRTLCTQGLQRLFSLKLEDLVPPPPLLDKIFEDTLPFLS,95,NR4,NR4,NR4,"[212, 0, 214, 63, 73, 224, 188, 217, 59, 143, 133, 119, 142, 5, 233, 37, 157, 48, 173, 174, 149, 87, 211, 84, 1, 114, 213, 163, 204, 151, 195, 77, 147, 243, 246, 137, 154, 155, 51, 94, 175, 104, 60, 28, 247, 156, 184, 118, 194, 191, 238, 41, 107, 55, 183, 96, 112, 43, 189, 124, 185, 200, 88, 4, 25, 120, 127, 85, 102, 23, 227, 81, 100, 61, 34, 169, 187, 19, 29, 209, 117, 64, 153, 176, 145, 21, 116, 27, 101, 162, 242, 144, 56, 69, 232]",NR4
N6_N81_96,VSLITSLVEAHLETYPSGKTDWSKFKESPDCQREKADAEDFQQFYELLTKSMEKIRKWAEKIPGFSDLPKEDQDTLLESAFLELFMLRLAYRSNPEEGKLIFSNGLTLHRLQCVRGFGEWIDSIFEFSQKLRRLNLDVSAFACLAALVIITERPGLKEPKRVEELQEKIVSALKNYIAANHAGPDRPHYLPKLLGKLTELRTLCTQGLQRLFSLKLEDLVPPPPLLDKIFEDTLPFLS,96,NR4,NR4,NR4,"[212, 0, 214, 63, 73, 224, 188, 217, 59, 143, 133, 119, 142, 5, 233, 37, 157, 48, 173, 174, 149, 87, 211, 84, 1, 114, 213, 163, 204, 151, 195, 77, 147, 243, 246, 137, 154, 155, 51, 94, 175, 104, 60, 28, 247, 156, 184, 118, 194, 191, 238, 41, 107, 55, 183, 96, 112, 43, 189, 124, 185, 200, 88, 4, 25, 120, 127, 85, 102, 23, 227, 81, 100, 61, 34, 169, 187, 19, 29, 209, 117, 64, 153, 176, 145, 21, 116, 27, 101, 162, 242, 144, 56, 69, 232, 165]",NR4
N6_N81_97,VSLITSLVEAHLESYPSGKTDWSKFKESPDCQREKADAEDFQQFYELLTKSMEKIRKWAEKIPGFSDLPKEDQDTLLESAFLELFMLRLAYRSNPEEGKLIFSNGLTLHRLQCVRGFGEWIDSIFEFSQKLRRLNLDVSAFACLAALVIITERPGLKEPKRVEELQEKIVSALKNYIAANHAGPDRPHYLPKLLGKLTELRTLCTQGLQRLFSLKLEDLVPPPPLLDKIFEDTLPFLS,97,NR4,NR4,NR4,"[212, 0, 214, 63, 73, 224, 188, 217, 59, 143, 133, 119, 142, 5, 233, 37, 157, 48, 173, 174, 149, 87, 211, 84, 1, 114, 213, 163, 204, 151, 195, 77, 147, 243, 246, 137, 154, 155, 51, 94, 175, 104, 60, 28, 247, 156, 184, 118, 194, 191, 238, 41, 107, 55, 183, 96, 112, 43, 189, 124, 185, 200, 88, 4, 25, 120, 127, 85, 102, 23, 227, 81, 100, 61, 34, 169, 187, 19, 29, 209, 117, 64, 153, 176, 145, 21, 116, 27, 101, 162, 242, 144, 56, 69, 232, 165, 13]",NR4
N6_N81_98,VSLITSLVEAHLESYPSGKTDWSKFKESPDCQREKADAEDFQQFYELLTKSMEKIRKWAEKIPGFSDLPKEDQDTLLESAFLELFMLRLAYRSNPEEGKLIFSNGLTLHRLQCVRGFGEWIDSIFEFSQKLRRLNLDVSAFACLAALVIITERPGLKEPKRVEELQEKIVSALKNYIAANHAGPDRPHYLPKLLGKLPELRTLCTQGLQRLFSLKLEDLVPPPPLLDKIFEDTLPFLS,98,NR4,NR4,NR4,"[212, 0, 214, 63, 73, 224, 188, 217, 59, 143, 133, 119, 142, 5, 233, 37, 157, 48, 173, 174, 149, 87, 211, 84, 1, 114, 213, 163, 204, 151, 195, 77, 147, 243, 246, 137, 154, 155, 51, 94, 175, 104, 60, 28, 247, 156, 184, 118, 194, 191, 238, 41, 107, 55, 183, 96, 112, 43, 189, 124, 185, 200, 88, 4, 25, 120, 127, 85, 102, 23, 227, 81, 100, 61, 34, 169, 187, 19, 29, 209, 117, 64, 153, 176, 145, 21, 116, 27, 101, 162, 242, 144, 56, 69, 232, 165, 13, 203]",NR4
N6_N81_99,VSLITSLVEAHLESYPSGKTDWSKFKESPDCQREKADAEDFQQFYELLTKSMEKIRKWAEKIPGFSDLPKEDQDTLLESAFLELFMLRLAYRSNPEEGKLIFSNGLTLHRLQCVRGFGEWIDSIFEFSQKLRRLNLDVSAFACLAALVIITERPGLKEPKRVEELQEKIVSALKNYIAANHAGPDRPHYLPKLLGKLPELRTLCTQGLQRLFSLKLEDLVPPPPLLDKIFEDTLPFL,99,NR4,NR4,NR4,"[212, 0, 214, 63, 73, 224, 188, 217, 59, 143, 133, 119, 142, 5, 233, 37, 157, 48, 173, 174, 149, 87, 211, 84, 1, 114, 213, 163, 204, 151, 195, 77, 147, 243, 246, 137, 154, 155, 51, 94, 175, 104, 60, 28, 247, 156, 184, 118, 194, 191, 238, 41, 107, 55, 183, 96, 112, 43, 189, 124, 185, 200, 88, 4, 25, 120, 127, 85, 102, 23, 227, 81, 100, 61, 34, 169, 187, 19, 29, 209, 117, 64, 153, 176, 145, 21, 116, 27, 101, 162, 242, 144, 56, 69, 232, 165, 13, 203, 245]",NR4
N6_N81_100,VSLITSLVEAHLESYPSGKTDWSKFKESPDCQREKADAEDFQQFYELLTKSMEKIRKWAEKIPGFSDLPKEDQDTLLESAFLELFMLRLAYRSNPEEGKLIFSNGLVLHRLQCVRGFGEWIDSIFEFSQKLRRLNLDVSAFACLAALVIITERPGLKEPKRVEELQEKIVSALKNYIAANHAGPDRPHYLPKLLGKLPELRTLCTQGLQRLFSLKLEDLVPPPPLLDKIFEDTLPFL,100,NR4,NR4,NR4,"[212, 0, 214, 63, 73, 224, 188, 217, 59, 143, 133, 119, 142, 5, 233, 37, 157, 48, 173, 174, 149, 87, 211, 84, 1, 114, 213, 163, 204, 151, 195, 77, 147, 243, 246, 137, 154, 155, 51, 94, 175, 104, 60, 28, 247, 156, 184, 118, 194, 191, 238, 41, 107, 55, 183, 96, 112, 43, 189, 124, 185, 200, 88, 4, 25, 120, 127, 85, 102, 23, 227, 81, 100, 61, 34, 169, 187, 19, 29, 209, 117, 64, 153, 176, 145, 21, 116, 27, 101, 162, 242, 144, 56, 69, 232, 165, 13, 203, 245, 110]",NR4
N6_N81_101,VSLITSLVEAHLESYPSGKTDWSKFKESPDCQREKADAEDFQQFYELLTKSMEKIRKWAEKIPGFSDLPKEDQDTLLESAFLELFMLRLAYRSNPEEGKLIFSNGVVLHRLQCVRGFGEWIDSIFEFSQKLRRLNLDVSAFACLAALVIITERPGLKEPKRVEELQEKIVSALKNYIAANHAGPDRPHYLPKLLGKLPELRTLCTQGLQRLFSLKLEDLVPPPPLLDKIFEDTLPFL,101,NR4,NR4,NR4,"[212, 0, 214, 63, 73, 224, 188, 217, 59, 143, 133, 119, 142, 5, 233, 37, 157, 48, 173, 174, 149, 87, 211, 84, 1, 114, 213, 163, 204, 151, 195, 77, 147, 243, 246, 137, 154, 155, 51, 94, 175, 104, 60, 28, 247, 156, 184, 118, 194, 191, 238, 41, 107, 55, 183, 96, 112, 43, 189, 124, 185, 200, 88, 4, 25, 120, 127, 85, 102, 23, 227, 81, 100, 61, 34, 169, 187, 19, 29, 209, 117, 64, 153, 176, 145, 21, 116, 27, 101, 162, 242, 144, 56, 69, 232, 165, 13, 203, 245, 110, 109]",NR4
N6_N81_102,VSLITSLVEAHLESYPSGKTDWSKFKESPDCQREKADAEDVQQFYELLTKSMEKIRKWAEKIPGFSDLPKEDQDTLLESAFLELFMLRLAYRSNPEEGKLIFSNGVVLHRLQCVRGFGEWIDSIFEFSQKLRRLNLDVSAFACLAALVIITERPGLKEPKRVEELQEKIVSALKNYIAANHAGPDRPHYLPKLLGKLPELRTLCTQGLQRLFSLKLEDLVPPPPLLDKIFEDTLPFL,102,NR4,NR4,NR4,"[212, 0, 214, 63, 73, 224, 188, 217, 59, 143, 133, 119, 142, 5, 233, 37, 157, 48, 173, 174, 149, 87, 211, 84, 1, 114, 213, 163, 204, 151, 195, 77, 147, 243, 246, 137, 154, 155, 51, 94, 175, 104, 60, 28, 247, 156, 184, 118, 194, 191, 238, 41, 107, 55, 183, 96, 112, 43, 189, 124, 185, 200, 88, 4, 25, 120, 127, 85, 102, 23, 227, 81, 100, 61, 34, 169, 187, 19, 29, 209, 117, 64, 153, 176, 145, 21, 116, 27, 101, 162, 242, 144, 56, 69, 232, 165, 13, 203, 245, 110, 109, 44]",NR4
N6_N81_103,VSLITSLVEAHLESYPSGKTDWSKFKESPDCQREKADAEDVQQFYELLTGSMEKIRKWAEKIPGFSDLPKEDQDTLLESAFLELFMLRLAYRSNPEEGKLIFSNGVVLHRLQCVRGFGEWIDSIFEFSQKLRRLNLDVSAFACLAALVIITERPGLKEPKRVEELQEKIVSALKNYIAANHAGPDRPHYLPKLLGKLPELRTLCTQGLQRLFSLKLEDLVPPPPLLDKIFEDTLPFL,103,NR4,NR4,NR4,"[212, 0, 214, 63, 73, 224, 188, 217, 59, 143, 133, 119, 142, 5, 233, 37, 157, 48, 173, 174, 149, 87, 211, 84, 1, 114, 213, 163, 204, 151, 195, 77, 147, 243, 246, 137, 154, 155, 51, 94, 175, 104, 60, 28, 247, 156, 184, 118, 194, 191, 238, 41, 107, 55, 183, 96, 112, 43, 189, 124, 185, 200, 88, 4, 25, 120, 127, 85, 102, 23, 227, 81, 100, 61, 34, 169, 187, 19, 29, 209, 117, 64, 153, 176, 145, 21, 116, 27, 101, 162, 242, 144, 56, 69, 232, 165, 13, 203, 245, 110, 109, 44, 53]",NR4
N6_N81_104,VSLITSLVEAHLDSYPSGKTDWSKFKESPDCQREKADAEDVQQFYELLTGSMEKIRKWAEKIPGFSDLPKEDQDTLLESAFLELFMLRLAYRSNPEEGKLIFSNGVVLHRLQCVRGFGEWIDSIFEFSQKLRRLNLDVSAFACLAALVIITERPGLKEPKRVEELQEKIVSALKNYIAANHAGPDRPHYLPKLLGKLPELRTLCTQGLQRLFSLKLEDLVPPPPLLDKIFEDTLPFL,104,NR4,NR4,NR4,"[212, 0, 214, 63, 73, 224, 188, 217, 59, 143, 133, 119, 142, 5, 233, 37, 157, 48, 173, 174, 149, 87, 211, 84, 1, 114, 213, 163, 204, 151, 195, 77, 147, 243, 246, 137, 154, 155, 51, 94, 175, 104, 60, 28, 247, 156, 184, 118, 194, 191, 238, 41, 107, 55, 183, 96, 112, 43, 189, 124, 185, 200, 88, 4, 25, 120, 127, 85, 102, 23, 227, 81, 100, 61, 34, 169, 187, 19, 29, 209, 117, 64, 153, 176, 145, 21, 116, 27, 101, 162, 242, 144, 56, 69, 232, 165, 13, 203, 245, 110, 109, 44, 53, 12]",NR4
N6_N81_105,VSLITSLVEAHLDSYPSGKTDWSKFKESPDCQREKADAEDVQQFYELLTGSMEKIRKWAEKIPGFSDLPKEDQDTLLESAFLELFMLRLAYRSNPEEGKLIFSNGVVLHRLQCVRGFGEWIDSIFEFSQKLRRLNLDVSAFACLAALVIITERPGLKEPKRVEELQEKIVSALKNYIAANHAGPDRPHYLPKLLGKLPELRTLCTQGLQRLFSLKLEDLVPPPPLLDKIFEDTLPF,105,NR4,NR4,NR4,"[212, 0, 214, 63, 73, 224, 188, 217, 59, 143, 133, 119, 142, 5, 233, 37, 157, 48, 173, 174, 149, 87, 211, 84, 1, 114, 213, 163, 204, 151, 195, 77, 147, 243, 246, 137, 154, 155, 51, 94, 175, 104, 60, 28, 247, 156, 184, 118, 194, 191, 238, 41, 107, 55, 183, 96, 112, 43, 189, 124, 185, 200, 88, 4, 25, 120, 127, 85, 102, 23, 227, 81, 100, 61, 34, 169, 187, 19, 29, 209, 117, 64, 153, 176, 145, 21, 116, 27, 101, 162, 242, 144, 56, 69, 232, 165, 13, 203, 245, 110, 109, 44, 53, 12, 244]",NR4
N6_N81_106,VSLITSLVRAHLDSYPSGKTDWSKFKESPDCQREKADAEDVQQFYELLTGSMEKIRKWAEKIPGFSDLPKEDQDTLLESAFLELFMLRLAYRSNPEEGKLIFSNGVVLHRLQCVRGFGEWIDSIFEFSQKLRRLNLDVSAFACLAALVIITERPGLKEPKRVEELQEKIVSALKNYIAANHAGPDRPHYLPKLLGKLPELRTLCTQGLQRLFSLKLEDLVPPPPLLDKIFEDTLPF,106,NR4,NR4,NR4,"[212, 0, 214, 63, 73, 224, 188, 217, 59, 143, 133, 119, 142, 5, 233, 37, 157, 48, 173, 174, 149, 87, 211, 84, 1, 114, 213, 163, 204, 151, 195, 77, 147, 243, 246, 137, 154, 155, 51, 94, 175, 104, 60, 28, 247, 156, 184, 118, 194, 191, 238, 41, 107, 55, 183, 96, 112, 43, 189, 124, 185, 200, 88, 4, 25, 120, 127, 85, 102, 23, 227, 81, 100, 61, 34, 169, 187, 19, 29, 209, 117, 64, 153, 176, 145, 21, 116, 27, 101, 162, 242, 144, 56, 69, 232, 165, 13, 203, 245, 110, 109, 44, 53, 12, 244, 8]",NR4
N6_N81_107,VSLITSLVRAHLDSYPSGKTDWSKFKESPDCQREKADAEDVQQFYELLTGSMEKIRKWAEKIPGFSDLPKEDQDTLLESAFLELFMLRLAYRSNPEEGKLIFSNGVVLHRLQCVRGFGEWIDSIFEFSQKLRRLNLDVSAFACLAALVIITERPGLKEPKRVEELQEKIVSALKNYIAANHAGPDRPHYLSKLLGKLPELRTLCTQGLQRLFSLKLEDLVPPPPLLDKIFEDTLPF,107,NR4,NR4,NR4,"[212, 0, 214, 63, 73, 224, 188, 217, 59, 143, 133, 119, 142, 5, 233, 37, 157, 48, 173, 174, 149, 87, 211, 84, 1, 114, 213, 163, 204, 151, 195, 77, 147, 243, 246, 137, 154, 155, 51, 94, 175, 104, 60, 28, 247, 156, 184, 118, 194, 191, 238, 41, 107, 55, 183, 96, 112, 43, 189, 124, 185, 200, 88, 4, 25, 120, 127, 85, 102, 23, 227, 81, 100, 61, 34, 169, 187, 19, 29, 209, 117, 64, 153, 176, 145, 21, 116, 27, 101, 162, 242, 144, 56, 69, 232, 165, 13, 203, 245, 110, 109, 44, 53, 12, 244, 8, 196]",NR4
N6_N81_108,VSLITSLVRAHLDSYPSGKTDWSKFKESPDCQREKADAEDVQQFYELLTGSMEKIRKWAEKIPGFSDLPKEDQDTLLESAFLELFMLRLAYRSNPEEGKLIFSNGVVLHRLQCVRGFGEWIDSIFEFSQKLRRLNLDVSAFACLAALVIITERPGLKEPKRVEELQEKIVSALKNYIAANHAGPDRPHYLSKLLGKLPELRTLCTQGLQRLFSLKLEDLVPPPPLVDKIFEDTLPF,108,NR4,NR4,NR4,"[212, 0, 214, 63, 73, 224, 188, 217, 59, 143, 133, 119, 142, 5, 233, 37, 157, 48, 173, 174, 149, 87, 211, 84, 1, 114, 213, 163, 204, 151, 195, 77, 147, 243, 246, 137, 154, 155, 51, 94, 175, 104, 60, 28, 247, 156, 184, 118, 194, 191, 238, 41, 107, 55, 183, 96, 112, 43, 189, 124, 185, 200, 88, 4, 25, 120, 127, 85, 102, 23, 227, 81, 100, 61, 34, 169, 187, 19, 29, 209, 117, 64, 153, 176, 145, 21, 116, 27, 101, 162, 242, 144, 56, 69, 232, 165, 13, 203, 245, 110, 109, 44, 53, 12, 244, 8, 196, 231]",NR4
N6_N81_109,VSLITSLVRAHLDSYPSGKTDWSKFKESPDCQREKADAEDVQQFYELLTGSMEKIRKWAEKIPGFSDLPKEDQDTLLESAFLELFMLRLAYRSNPEEGKLIFSNGVVLHRLQCVRGFGEWIDSIFEFSQKLRRLNLDVSAFACLAALVIITERPGLKEPKRVEELQEKIVSALKNYIAANHAGPDRPHYLSKLLGKLPELRTLCTQGLQRLFYLKLEDLVPPPPLVDKIFEDTLPF,109,NR4,NR4,NR4,"[212, 0, 214, 63, 73, 224, 188, 217, 59, 143, 133, 119, 142, 5, 233, 37, 157, 48, 173, 174, 149, 87, 211, 84, 1, 114, 213, 163, 204, 151, 195, 77, 147, 243, 246, 137, 154, 155, 51, 94, 175, 104, 60, 28, 247, 156, 184, 118, 194, 191, 238, 41, 107, 55, 183, 96, 112, 43, 189, 124, 185, 200, 88, 4, 25, 120, 127, 85, 102, 23, 227, 81, 100, 61, 34, 169, 187, 19, 29, 209, 117, 64, 153, 176, 145, 21, 116, 27, 101, 162, 242, 144, 56, 69, 232, 165, 13, 203, 245, 110, 109, 44, 53, 12, 244, 8, 196, 231, 218]",NR4
N6_N81_110,VSLITSLVRAHLDSYPSGKTDWSKFKESPDCQREKADAEDVQQFYELLTGSMEKIRKWAEKIPGFSDLPKEDQDTLLESAFLELFILRLAYRSNPEEGKLIFSNGVVLHRLQCVRGFGEWIDSIFEFSQKLRRLNLDVSAFACLAALVIITERPGLKEPKRVEELQEKIVSALKNYIAANHAGPDRPHYLSKLLGKLPELRTLCTQGLQRLFYLKLEDLVPPPPLVDKIFEDTLPF,110,NR4,NR4,NR4,"[212, 0, 214, 63, 73, 224, 188, 217, 59, 143, 133, 119, 142, 5, 233, 37, 157, 48, 173, 174, 149, 87, 211, 84, 1, 114, 213, 163, 204, 151, 195, 77, 147, 243, 246, 137, 154, 155, 51, 94, 175, 104, 60, 28, 247, 156, 184, 118, 194, 191, 238, 41, 107, 55, 183, 96, 112, 43, 189, 124, 185, 200, 88, 4, 25, 120, 127, 85, 102, 23, 227, 81, 100, 61, 34, 169, 187, 19, 29, 209, 117, 64, 153, 176, 145, 21, 116, 27, 101, 162, 242, 144, 56, 69, 232, 165, 13, 203, 245, 110, 109, 44, 53, 12, 244, 8, 196, 231, 218, 89]",NR4
N6_N81_111,VSLITSLVRAHLDSYPSGKTDWSKFKESPDCQREKADAEDVQQFYELLTGSMEKIRKWAEKIPGFSDLPKEDQDTLLESAFLELFILRLAYRSNPEEGKLIFSNGVVLHRLQCVRGFGEWIDSIFEFSQKLRRLNLDVSAFACLAALVIITERPGLKEPKRVEELQNKIVSALKNYIAANHAGPDRPHYLSKLLGKLPELRTLCTQGLQRLFYLKLEDLVPPPPLVDKIFEDTLPF,111,NR4,NR4,NR4,"[212, 0, 214, 63, 73, 224, 188, 217, 59, 143, 133, 119, 142, 5, 233, 37, 157, 48, 173, 174, 149, 87, 211, 84, 1, 114, 213, 163, 204, 151, 195, 77, 147, 243, 246, 137, 154, 155, 51, 94, 175, 104, 60, 28, 247, 156, 184, 118, 194, 191, 238, 41, 107, 55, 183, 96, 112, 43, 189, 124, 185, 200, 88, 4, 25, 120, 127, 85, 102, 23, 227, 81, 100, 61, 34, 169, 187, 19, 29, 209, 117, 64, 153, 176, 145, 21, 116, 27, 101, 162, 242, 144, 56, 69, 232, 165, 13, 203, 245, 110, 109, 44, 53, 12, 244, 8, 196, 231, 218, 89, 172]",NR4
N6_N81_112,VSLITSLVRAHLDSYPSGKTDWSKFKESPDCQREKADAEDVQQFYELLTGSMEKIRKWAEKIPGFSDLPKEDQDTLLESAFLELFILRLAYRSNPEEGKLIFSNGVVLHRLQCVRGFGEWIDSIFEFSQKLRRLNLDVSAFACLAALVIITERHGLKEPKRVEELQNKIVSALKNYIAANHAGPDRPHYLSKLLGKLPELRTLCTQGLQRLFYLKLEDLVPPPPLVDKIFEDTLPF,112,NR4,NR4,NR4,"[212, 0, 214, 63, 73, 224, 188, 217, 59, 143, 133, 119, 142, 5, 233, 37, 157, 48, 173, 174, 149, 87, 211, 84, 1, 114, 213, 163, 204, 151, 195, 77, 147, 243, 246, 137, 154, 155, 51, 94, 175, 104, 60, 28, 247, 156, 184, 118, 194, 191, 238, 41, 107, 55, 183, 96, 112, 43, 189, 124, 185, 200, 88, 4, 25, 120, 127, 85, 102, 23, 227, 81, 100, 61, 34, 169, 187, 19, 29, 209, 117, 64, 153, 176, 145, 21, 116, 27, 101, 162, 242, 144, 56, 69, 232, 165, 13, 203, 245, 110, 109, 44, 53, 12, 244, 8, 196, 231, 218, 89, 172, 159]",NR4
N6_N81_113,VSLITSLVRAHLDSYPSGKTDWSKFKESPDCQLEKADAEDVQQFYELLTGSMEKIRKWAEKIPGFSDLPKEDQDTLLESAFLELFILRLAYRSNPEEGKLIFSNGVVLHRLQCVRGFGEWIDSIFEFSQKLRRLNLDVSAFACLAALVIITERHGLKEPKRVEELQNKIVSALKNYIAANHAGPDRPHYLSKLLGKLPELRTLCTQGLQRLFYLKLEDLVPPPPLVDKIFEDTLPF,113,NR4,NR4,NR4,"[212, 0, 214, 63, 73, 224, 188, 217, 59, 143, 133, 119, 142, 5, 233, 37, 157, 48, 173, 174, 149, 87, 211, 84, 1, 114, 213, 163, 204, 151, 195, 77, 147, 243, 246, 137, 154, 155, 51, 94, 175, 104, 60, 28, 247, 156, 184, 118, 194, 191, 238, 41, 107, 55, 183, 96, 112, 43, 189, 124, 185, 200, 88, 4, 25, 120, 127, 85, 102, 23, 227, 81, 100, 61, 34, 169, 187, 19, 29, 209, 117, 64, 153, 176, 145, 21, 116, 27, 101, 162, 242, 144, 56, 69, 232, 165, 13, 203, 245, 110, 109, 44, 53, 12, 244, 8, 196, 231, 218, 89, 172, 159, 36]",NR4
N6_N81_114,VSLITSLVRAHLDSYPSTKTDWSKFKESPDCQLEKADAEDVQQFYELLTGSMEKIRKWAEKIPGFSDLPKEDQDTLLESAFLELFILRLAYRSNPEEGKLIFSNGVVLHRLQCVRGFGEWIDSIFEFSQKLRRLNLDVSAFACLAALVIITERHGLKEPKRVEELQNKIVSALKNYIAANHAGPDRPHYLSKLLGKLPELRTLCTQGLQRLFYLKLEDLVPPPPLVDKIFEDTLPF,114,NR4,NR4,NR4,"[212, 0, 214, 63, 73, 224, 188, 217, 59, 143, 133, 119, 142, 5, 233, 37, 157, 48, 173, 174, 149, 87, 211, 84, 1, 114, 213, 163, 204, 151, 195, 77, 147, 243, 246, 137, 154, 155, 51, 94, 175, 104, 60, 28, 247, 156, 184, 118, 194, 191, 238, 41, 107, 55, 183, 96, 112, 43, 189, 124, 185, 200, 88, 4, 25, 120, 127, 85, 102, 23, 227, 81, 100, 61, 34, 169, 187, 19, 29, 209, 117, 64, 153, 176, 145, 21, 116, 27, 101, 162, 242, 144, 56, 69, 232, 165, 13, 203, 245, 110, 109, 44, 53, 12, 244, 8, 196, 231, 218, 89, 172, 159, 36, 18]",NR4
N6_N81_115,VSLITSLVRAHLDSYPSTKTDWSKFKESPDCQLEKADAEDVQQFYELLTGSMEKIRKWAEKIPGFSDLPKEDQDTLLESAFLELFILRLAYRSNPEEGKLIFSNGVVLHRLQCVRGFGEWIDSIFEFSQKLRRLNLDVSAFACLAALVIITERHGLKEPKRVEELQNKIVSALKNYIAANHAGPNRPHYLSKLLGKLPELRTLCTQGLQRLFYLKLEDLVPPPPLVDKIFEDTLPF,115,NR4,NR4,NR4,"[212, 0, 214, 63, 73, 224, 188, 217, 59, 143, 133, 119, 142, 5, 233, 37, 157, 48, 173, 174, 149, 87, 211, 84, 1, 114, 213, 163, 204, 151, 195, 77, 147, 243, 246, 137, 154, 155, 51, 94, 175, 104, 60, 28, 247, 156, 184, 118, 194, 191, 238, 41, 107, 55, 183, 96, 112, 43, 189, 124, 185, 200, 88, 4, 25, 120, 127, 85, 102, 23, 227, 81, 100, 61, 34, 169, 187, 19, 29, 209, 117, 64, 153, 176, 145, 21, 116, 27, 101, 162, 242, 144, 56, 69, 232, 165, 13, 203, 245, 110, 109, 44, 53, 12, 244, 8, 196, 231, 218, 89, 172, 159, 36, 18, 190]",NR4
N6_N81_116,VSLITSLVRAHLDSYPSTKTDYSKFKESPDCQLEKADAEDVQQFYELLTGSMEKIRKWAEKIPGFSDLPKEDQDTLLESAFLELFILRLAYRSNPEEGKLIFSNGVVLHRLQCVRGFGEWIDSIFEFSQKLRRLNLDVSAFACLAALVIITERHGLKEPKRVEELQNKIVSALKNYIAANHAGPNRPHYLSKLLGKLPELRTLCTQGLQRLFYLKLEDLVPPPPLVDKIFEDTLPF,116,NR4,NR4,NR4,"[212, 0, 214, 63, 73, 224, 188, 217, 59, 143, 133, 119, 142, 5, 233, 37, 157, 48, 173, 174, 149, 87, 211, 84, 1, 114, 213, 163, 204, 151, 195, 77, 147, 243, 246, 137, 154, 155, 51, 94, 175, 104, 60, 28, 247, 156, 184, 118, 194, 191, 238, 41, 107, 55, 183, 96, 112, 43, 189, 124, 185, 200, 88, 4, 25, 120, 127, 85, 102, 23, 227, 81, 100, 61, 34, 169, 187, 19, 29, 209, 117, 64, 153, 176, 145, 21, 116, 27, 101, 162, 242, 144, 56, 69, 232, 165, 13, 203, 245, 110, 109, 44, 53, 12, 244, 8, 196, 231, 218, 89, 172, 159, 36, 18, 190, 22]",NR4
N6_N81_117,VSLITSLVRAHLDSYPSTKTDYSKFKESPDCQLEKADAEDVQQFYELLTGSMEKIRKWAEKIPGFSDLPKEDQDTLLESAFLELFILRLAYRSNPEEGKLIFSNGVVLHRLQCVRGFGEWIDSIFEFSQKLRRLNLDVSAFACLAALVIITERHGLKEPKRVEELQNKIVSALKDYIAANHAGPNRPHYLSKLLGKLPELRTLCTQGLQRLFYLKLEDLVPPPPLVDKIFEDTLPF,117,NR4,NR4,NR4,"[212, 0, 214, 63, 73, 224, 188, 217, 59, 143, 133, 119, 142, 5, 233, 37, 157, 48, 173, 174, 149, 87, 211, 84, 1, 114, 213, 163, 204, 151, 195, 77, 147, 243, 246, 137, 154, 155, 51, 94, 175, 104, 60, 28, 247, 156, 184, 118, 194, 191, 238, 41, 107, 55, 183, 96, 112, 43, 189, 124, 185, 200, 88, 4, 25, 120, 127, 85, 102, 23, 227, 81, 100, 61, 34, 169, 187, 19, 29, 209, 117, 64, 153, 176, 145, 21, 116, 27, 101, 162, 242, 144, 56, 69, 232, 165, 13, 203, 245, 110, 109, 44, 53, 12, 244, 8, 196, 231, 218, 89, 172, 159, 36, 18, 190, 22, 180]",NR4
N6_N81_118,VSLITSLVRAHLDSYPSTKTDYSKFKESPDCQLEKADAEDVQQFYDLLTGSMEKIRKWAEKIPGFSDLPKEDQDTLLESAFLELFILRLAYRSNPEEGKLIFSNGVVLHRLQCVRGFGEWIDSIFEFSQKLRRLNLDVSAFACLAALVIITERHGLKEPKRVEELQNKIVSALKDYIAANHAGPNRPHYLSKLLGKLPELRTLCTQGLQRLFYLKLEDLVPPPPLVDKIFEDTLPF,118,NR4,NR4,NR4,"[212, 0, 214, 63, 73, 224, 188, 217, 59, 143, 133, 119, 142, 5, 233, 37, 157, 48, 173, 174, 149, 87, 211, 84, 1, 114, 213, 163, 204, 151, 195, 77, 147, 243, 246, 137, 154, 155, 51, 94, 175, 104, 60, 28, 247, 156, 184, 118, 194, 191, 238, 41, 107, 55, 183, 96, 112, 43, 189, 124, 185, 200, 88, 4, 25, 120, 127, 85, 102, 23, 227, 81, 100, 61, 34, 169, 187, 19, 29, 209, 117, 64, 153, 176, 145, 21, 116, 27, 101, 162, 242, 144, 56, 69, 232, 165, 13, 203, 245, 110, 109, 44, 53, 12, 244, 8, 196, 231, 218, 89, 172, 159, 36, 18, 190, 22, 180, 49]",NR4
N6_N81_119,VSLITSLVRAHLDSYPSTKTDYSKFKESPDCQLEKADAEDVQQFYDLLTGSMEKIRKWAEKIPGFSDLPKEDQDTLLESAFLELFILRLAYRSNPEEGKLIFSNGVVLHRLQCVRGFGEWIDSIFEFSQKLRRLNLDVSAFACLAALVIITERHGLKEPKRVEELQNKIVSALKDHIAANHAGPNRPHYLSKLLGKLPELRTLCTQGLQRLFYLKLEDLVPPPPLVDKIFEDTLPF,119,NR4,NR4,NR4,"[212, 0, 214, 63, 73, 224, 188, 217, 59, 143, 133, 119, 142, 5, 233, 37, 157, 48, 173, 174, 149, 87, 211, 84, 1, 114, 213, 163, 204, 151, 195, 77, 147, 243, 246, 137, 154, 155, 51, 94, 175, 104, 60, 28, 247, 156, 184, 118, 194, 191, 238, 41, 107, 55, 183, 96, 112, 43, 189, 124, 185, 200, 88, 4, 25, 120, 127, 85, 102, 23, 227, 81, 100, 61, 34, 169, 187, 19, 29, 209, 117, 64, 153, 176, 145, 21, 116, 27, 101, 162, 242, 144, 56, 69, 232, 165, 13, 203, 245, 110, 109, 44, 53, 12, 244, 8, 196, 231, 218, 89, 172, 159, 36, 18, 190, 22, 180, 49, 181]",NR4
N6_N81_120,VSLITSLVRAHLDSYPSTKTDYSKFKESPDCQLEKADAEDVQQFYDLLTGSMEKIRKWAEKIPGFSDLPKEDQDLLLESAFLELFILRLAYRSNPEEGKLIFSNGVVLHRLQCVRGFGEWIDSIFEFSQKLRRLNLDVSAFACLAALVIITERHGLKEPKRVEELQNKIVSALKDHIAANHAGPNRPHYLSKLLGKLPELRTLCTQGLQRLFYLKLEDLVPPPPLVDKIFEDTLPF,120,NR4,NR4,NR4,"[212, 0, 214, 63, 73, 224, 188, 217, 59, 143, 133, 119, 142, 5, 233, 37, 157, 48, 173, 174, 149, 87, 211, 84, 1, 114, 213, 163, 204, 151, 195, 77, 147, 243, 246, 137, 154, 155, 51, 94, 175, 104, 60, 28, 247, 156, 184, 118, 194, 191, 238, 41, 107, 55, 183, 96, 112, 43, 189, 124, 185, 200, 88, 4, 25, 120, 127, 85, 102, 23, 227, 81, 100, 61, 34, 169, 187, 19, 29, 209, 117, 64, 153, 176, 145, 21, 116, 27, 101, 162, 242, 144, 56, 69, 232, 165, 13, 203, 245, 110, 109, 44, 53, 12, 244, 8, 196, 231, 218, 89, 172, 159, 36, 18, 190, 22, 180, 49, 181, 78]",NR4
N6_N81_121,VSLITSLVRAHLDSYPSTKTDYSKFKESPDCQLEKADAEDVQQFYDLLTGSMEKIRKWAEKIPGFSDLPKEDQDLLLESAFLELFILRLAYRSNPEEGKLIFSNGVVLHRLQCVRGFGEWIDSIFEFSQKLRRLNLDVSAFACLAALVIITERHGLKEPKRVEELQNKIVSALKDHIAANHAGPNRPHYLSKLLGKLPELRTLCTQGLQRLFYLKLEDLVPPPPIVDKIFEDTLPF,121,NR4,NR4,NR4,"[212, 0, 214, 63, 73, 224, 188, 217, 59, 143, 133, 119, 142, 5, 233, 37, 157, 48, 173, 174, 149, 87, 211, 84, 1, 114, 213, 163, 204, 151, 195, 77, 147, 243, 246, 137, 154, 155, 51, 94, 175, 104, 60, 28, 247, 156, 184, 118, 194, 191, 238, 41, 107, 55, 183, 96, 112, 43, 189, 124, 185, 200, 88, 4, 25, 120, 127, 85, 102, 23, 227, 81, 100, 61, 34, 169, 187, 19, 29, 209, 117, 64, 153, 176, 145, 21, 116, 27, 101, 162, 242, 144, 56, 69, 232, 165, 13, 203, 245, 110, 109, 44, 53, 12, 244, 8, 196, 231, 218, 89, 172, 159, 36, 18, 190, 22, 180, 49, 181, 78, 230]",NR4
N6_N81_122,VSLITSLVRAHVDSYPSTKTDYSKFKESPDCQLEKADAEDVQQFYDLLTGSMEKIRKWAEKIPGFSDLPKEDQDLLLESAFLELFILRLAYRSNPEEGKLIFSNGVVLHRLQCVRGFGEWIDSIFEFSQKLRRLNLDVSAFACLAALVIITERHGLKEPKRVEELQNKIVSALKDHIAANHAGPNRPHYLSKLLGKLPELRTLCTQGLQRLFYLKLEDLVPPPPIVDKIFEDTLPF,122,NR4,NR4,NR4,"[212, 0, 214, 63, 73, 224, 188, 217, 59, 143, 133, 119, 142, 5, 233, 37, 157, 48, 173, 174, 149, 87, 211, 84, 1, 114, 213, 163, 204, 151, 195, 77, 147, 243, 246, 137, 154, 155, 51, 94, 175, 104, 60, 28, 247, 156, 184, 118, 194, 191, 238, 41, 107, 55, 183, 96, 112, 43, 189, 124, 185, 200, 88, 4, 25, 120, 127, 85, 102, 23, 227, 81, 100, 61, 34, 169, 187, 19, 29, 209, 117, 64, 153, 176, 145, 21, 116, 27, 101, 162, 242, 144, 56, 69, 232, 165, 13, 203, 245, 110, 109, 44, 53, 12, 244, 8, 196, 231, 218, 89, 172, 159, 36, 18, 190, 22, 180, 49, 181, 78, 230, 11]",NR4
N6_N81_123,VSLITSLVRAHVDSYPSTKTDYSKFQESPDCQLEKADAEDVQQFYDLLTGSMEKIRKWAEKIPGFSDLPKEDQDLLLESAFLELFILRLAYRSNPEEGKLIFSNGVVLHRLQCVRGFGEWIDSIFEFSQKLRRLNLDVSAFACLAALVIITERHGLKEPKRVEELQNKIVSALKDHIAANHAGPNRPHYLSKLLGKLPELRTLCTQGLQRLFYLKLEDLVPPPPIVDKIFEDTLPF,123,NR4,NR4,NR4,"[212, 0, 214, 63, 73, 224, 188, 217, 59, 143, 133, 119, 142, 5, 233, 37, 157, 48, 173, 174, 149, 87, 211, 84, 1, 114, 213, 163, 204, 151, 195, 77, 147, 243, 246, 137, 154, 155, 51, 94, 175, 104, 60, 28, 247, 156, 184, 118, 194, 191, 238, 41, 107, 55, 183, 96, 112, 43, 189, 124, 185, 200, 88, 4, 25, 120, 127, 85, 102, 23, 227, 81, 100, 61, 34, 169, 187, 19, 29, 209, 117, 64, 153, 176, 145, 21, 116, 27, 101, 162, 242, 144, 56, 69, 232, 165, 13, 203, 245, 110, 109, 44, 53, 12, 244, 8, 196, 231, 218, 89, 172, 159, 36, 18, 190, 22, 180, 49, 181, 78, 230, 11, 26]",NR4
N6_N81_124,VSLITSLVRAHVDSYPSTKTDYSKFQESPDCQLEKADAEDVQQFYDLLTGSMEKIRKWAEKIPGFSDLPKEDQDLLLESAFLELFILRLAYRSNPEEGKLIFSNGVVLHRLQCVRGFGEWIDSIFEFSQKLRRLNLDVSAFACLAALVIITERHGLKEPKRVEELQNKIVSALKDHIAANSAGPNRPHYLSKLLGKLPELRTLCTQGLQRLFYLKLEDLVPPPPIVDKIFEDTLPF,124,NR4,NR4,NR4,"[212, 0, 214, 63, 73, 224, 188, 217, 59, 143, 133, 119, 142, 5, 233, 37, 157, 48, 173, 174, 149, 87, 211, 84, 1, 114, 213, 163, 204, 151, 195, 77, 147, 243, 246, 137, 154, 155, 51, 94, 175, 104, 60, 28, 247, 156, 184, 118, 194, 191, 238, 41, 107, 55, 183, 96, 112, 43, 189, 124, 185, 200, 88, 4, 25, 120, 127, 85, 102, 23, 227, 81, 100, 61, 34, 169, 187, 19, 29, 209, 117, 64, 153, 176, 145, 21, 116, 27, 101, 162, 242, 144, 56, 69, 232, 165, 13, 203, 245, 110, 109, 44, 53, 12, 244, 8, 196, 231, 218, 89, 172, 159, 36, 18, 190, 22, 180, 49, 181, 78, 230, 11, 26, 186]",NR4
N6_N81_125,VSLITSLVRAHVDSYPSTKTDYSKFQESPDCQLEKADAEDVQQFYDLLTGSMEKIRKWAEKIPGFSDLPKEDQDLLLESAFLELFILRLAYRSNPEEGKLIFSNGVVLHRLQCVRGFGEWIDSIFEFSQKLRRLNLDVSAFACLAALVIITERHGLKEPKRVEELQNKIVSALKDHIAANSAGPNRPHYLSKLLGKLPELRTLCTQGLQRLFYLKLEDLVPPPPIVDKIFMDTLPF,125,NR4,NR4,NR4,"[212, 0, 214, 63, 73, 224, 188, 217, 59, 143, 133, 119, 142, 5, 233, 37, 157, 48, 173, 174, 149, 87, 211, 84, 1, 114, 213, 163, 204, 151, 195, 77, 147, 243, 246, 137, 154, 155, 51, 94, 175, 104, 60, 28, 247, 156, 184, 118, 194, 191, 238, 41, 107, 55, 183, 96, 112, 43, 189, 124, 185, 200, 88, 4, 25, 120, 127, 85, 102, 23, 227, 81, 100, 61, 34, 169, 187, 19, 29, 209, 117, 64, 153, 176, 145, 21, 116, 27, 101, 162, 242, 144, 56, 69, 232, 165, 13, 203, 245, 110, 109, 44, 53, 12, 244, 8, 196, 231, 218, 89, 172, 159, 36, 18, 190, 22, 180, 49, 181, 78, 230, 11, 26, 186, 236]",NR4
N6_N81_126,VSLITSLVRAHVDSYPSTKTDYSKFQESPDCQLEKADAEDVQQFYDLLTGSMEKIRKWAEKIPGFSDLPKEDQDLLLESAFLELFILRLAYRSNPEEGKLIFSNGVVLHRLQCVRGFGEWIDSIFEFSQKLRRLNLDVSAFACLAALVIITERHGLKEPKRVEELQNKIVSALKDHVAANSAGPNRPHYLSKLLGKLPELRTLCTQGLQRLFYLKLEDLVPPPPIVDKIFMDTLPF,126,NR4,NR4,NR4,"[212, 0, 214, 63, 73, 224, 188, 217, 59, 143, 133, 119, 142, 5, 233, 37, 157, 48, 173, 174, 149, 87, 211, 84, 1, 114, 213, 163, 204, 151, 195, 77, 147, 243, 246, 137, 154, 155, 51, 94, 175, 104, 60, 28, 247, 156, 184, 118, 194, 191, 238, 41, 107, 55, 183, 96, 112, 43, 189, 124, 185, 200, 88, 4, 25, 120, 127, 85, 102, 23, 227, 81, 100, 61, 34, 169, 187, 19, 29, 209, 117, 64, 153, 176, 145, 21, 116, 27, 101, 162, 242, 144, 56, 69, 232, 165, 13, 203, 245, 110, 109, 44, 53, 12, 244, 8, 196, 231, 218, 89, 172, 159, 36, 18, 190, 22, 180, 49, 181, 78, 230, 11, 26, 186, 236, 182]",NR4
N6_N81_127,VSLITSLVRAHVDSYPSTKLDYSKFQESPDCQLEKADAEDVQQFYDLLTGSMEKIRKWAEKIPGFSDLPKEDQDLLLESAFLELFILRLAYRSNPEEGKLIFSNGVVLHRLQCVRGFGEWIDSIFEFSQKLRRLNLDVSAFACLAALVIITERHGLKEPKRVEELQNKIVSALKDHVAANSAGPNRPHYLSKLLGKLPELRTLCTQGLQRLFYLKLEDLVPPPPIVDKIFMDTLPF,127,NR4,NR4,NR4,"[212, 0, 214, 63, 73, 224, 188, 217, 59, 143, 133, 119, 142, 5, 233, 37, 157, 48, 173, 174, 149, 87, 211, 84, 1, 114, 213, 163, 204, 151, 195, 77, 147, 243, 246, 137, 154, 155, 51, 94, 175, 104, 60, 28, 247, 156, 184, 118, 194, 191, 238, 41, 107, 55, 183, 96, 112, 43, 189, 124, 185, 200, 88, 4, 25, 120, 127, 85, 102, 23, 227, 81, 100, 61, 34, 169, 187, 19, 29, 209, 117, 64, 153, 176, 145, 21, 116, 27, 101, 162, 242, 144, 56, 69, 232, 165, 13, 203, 245, 110, 109, 44, 53, 12, 244, 8, 196, 231, 218, 89, 172, 159, 36, 18, 190, 22, 180, 49, 181, 78, 230, 11, 26, 186, 236, 182, 20]",NR4
N6_N81_128,VSLITSLVRAHVDSYPSTKLDYSKFQESPDCQLEKADAEDVQQFYDLLTGSMEKIRKWAEKIPGFSDLPKEDQDLLLESAFLELFILRLAYRSNPEEGKLIFSNGVVLHRLQCVRGFGEWIDSIFEFSQKLRRLNLDVSAFACLAALVIITERHGLKEPKRVEELQNKIVSALKDHVAANSAGPNRPHYLSKLLGKLPELRTLCTQGLQRIFYLKLEDLVPPPPIVDKIFMDTLPF,128,NR4,NR4,NR4,"[212, 0, 214, 63, 73, 224, 188, 217, 59, 143, 133, 119, 142, 5, 233, 37, 157, 48, 173, 174, 149, 87, 211, 84, 1, 114, 213, 163, 204, 151, 195, 77, 147, 243, 246, 137, 154, 155, 51, 94, 175, 104, 60, 28, 247, 156, 184, 118, 194, 191, 238, 41, 107, 55, 183, 96, 112, 43, 189, 124, 185, 200, 88, 4, 25, 120, 127, 85, 102, 23, 227, 81, 100, 61, 34, 169, 187, 19, 29, 209, 117, 64, 153, 176, 145, 21, 116, 27, 101, 162, 242, 144, 56, 69, 232, 165, 13, 203, 245, 110, 109, 44, 53, 12, 244, 8, 196, 231, 218, 89, 172, 159, 36, 18, 190, 22, 180, 49, 181, 78, 230, 11, 26, 186, 236, 182, 20, 216]",NR4
N6_N81_129,VSLITSLVRAHVDSYPSTKLDYSKFQESADCQLEKADAEDVQQFYDLLTGSMEKIRKWAEKIPGFSDLPKEDQDLLLESAFLELFILRLAYRSNPEEGKLIFSNGVVLHRLQCVRGFGEWIDSIFEFSQKLRRLNLDVSAFACLAALVIITERHGLKEPKRVEELQNKIVSALKDHVAANSAGPNRPHYLSKLLGKLPELRTLCTQGLQRIFYLKLEDLVPPPPIVDKIFMDTLPF,129,NR4,NR4,NR4,"[212, 0, 214, 63, 73, 224, 188, 217, 59, 143, 133, 119, 142, 5, 233, 37, 157, 48, 173, 174, 149, 87, 211, 84, 1, 114, 213, 163, 204, 151, 195, 77, 147, 243, 246, 137, 154, 155, 51, 94, 175, 104, 60, 28, 247, 156, 184, 118, 194, 191, 238, 41, 107, 55, 183, 96, 112, 43, 189, 124, 185, 200, 88, 4, 25, 120, 127, 85, 102, 23, 227, 81, 100, 61, 34, 169, 187, 19, 29, 209, 117, 64, 153, 176, 145, 21, 116, 27, 101, 162, 242, 144, 56, 69, 232, 165, 13, 203, 245, 110, 109, 44, 53, 12, 244, 8, 196, 231, 218, 89, 172, 159, 36, 18, 190, 22, 180, 49, 181, 78, 230, 11, 26, 186, 236, 182, 20, 216, 32]",NR4
N6_N81_130,VSLITSLVRAHVDSYPSTKLDYSKFQESADCQLEKADAEDVQQFYDLLTGSMEKIRKWAEKIPGFSDLPKEDQDLLLESAFLELFILRLAYRSNPEEGKLIFCNGVVLHRLQCVRGFGEWIDSIFEFSQKLRRLNLDVSAFACLAALVIITERHGLKEPKRVEELQNKIVSALKDHVAANSAGPNRPHYLSKLLGKLPELRTLCTQGLQRIFYLKLEDLVPPPPIVDKIFMDTLPF,130,NR4,NR4,NR4,"[212, 0, 214, 63, 73, 224, 188, 217, 59, 143, 133, 119, 142, 5, 233, 37, 157, 48, 173, 174, 149, 87, 211, 84, 1, 114, 213, 163, 204, 151, 195, 77, 147, 243, 246, 137, 154, 155, 51, 94, 175, 104, 60, 28, 247, 156, 184, 118, 194, 191, 238, 41, 107, 55, 183, 96, 112, 43, 189, 124, 185, 200, 88, 4, 25, 120, 127, 85, 102, 23, 227, 81, 100, 61, 34, 169, 187, 19, 29, 209, 117, 64, 153, 176, 145, 21, 116, 27, 101, 162, 242, 144, 56, 69, 232, 165, 13, 203, 245, 110, 109, 44, 53, 12, 244, 8, 196, 231, 218, 89, 172, 159, 36, 18, 190, 22, 180, 49, 181, 78, 230, 11, 26, 186, 236, 182, 20, 216, 32, 106]",NR4
N6_N81_131,VSLITSLVRAHVDSYPSTKLDYSKFQESADCQLEKADAEDVQQFYDLLTGSMEKIRKWAEKIPGFSDLPKEDQDLLLESAFLELFILRLAYRSNPEEGKLIFCNGVVLHRLQCVRGFGEWIDSIFEFSQKLRRLNLDVSAFACLAALVIITERHGLKEPKRVEELQNKIVSALKDHVAANSAGPNRPNYLSKLLGKLPELRTLCTQGLQRIFYLKLEDLVPPPPIVDKIFMDTLPF,131,NR4,NR4,NR4,"[212, 0, 214, 63, 73, 224, 188, 217, 59, 143, 133, 119, 142, 5, 233, 37, 157, 48, 173, 174, 149, 87, 211, 84, 1, 114, 213, 163, 204, 151, 195, 77, 147, 243, 246, 137, 154, 155, 51, 94, 175, 104, 60, 28, 247, 156, 184, 118, 194, 191, 238, 41, 107, 55, 183, 96, 112, 43, 189, 124, 185, 200, 88, 4, 25, 120, 127, 85, 102, 23, 227, 81, 100, 61, 34, 169, 187, 19, 29, 209, 117, 64, 153, 176, 145, 21, 116, 27, 101, 162, 242, 144, 56, 69, 232, 165, 13, 203, 245, 110, 109, 44, 53, 12, 244, 8, 196, 231, 218, 89, 172, 159, 36, 18, 190, 22, 180, 49, 181, 78, 230, 11, 26, 186, 236, 182, 20, 216, 32, 106, 193]",NR4
N6_N81_132,VSLITSLVRAHVDSYPSTKLDYSKFQESADCQLEKADAEDVQQFYDLLTGSMEVIRKWAEKIPGFSDLPKEDQDLLLESAFLELFILRLAYRSNPEEGKLIFCNGVVLHRLQCVRGFGEWIDSIFEFSQKLRRLNLDVSAFACLAALVIITERHGLKEPKRVEELQNKIVSALKDHVAANSAGPNRPNYLSKLLGKLPELRTLCTQGLQRIFYLKLEDLVPPPPIVDKIFMDTLPF,132,NR4,NR4,NR4,"[212, 0, 214, 63, 73, 224, 188, 217, 59, 143, 133, 119, 142, 5, 233, 37, 157, 48, 173, 174, 149, 87, 211, 84, 1, 114, 213, 163, 204, 151, 195, 77, 147, 243, 246, 137, 154, 155, 51, 94, 175, 104, 60, 28, 247, 156, 184, 118, 194, 191, 238, 41, 107, 55, 183, 96, 112, 43, 189, 124, 185, 200, 88, 4, 25, 120, 127, 85, 102, 23, 227, 81, 100, 61, 34, 169, 187, 19, 29, 209, 117, 64, 153, 176, 145, 21, 116, 27, 101, 162, 242, 144, 56, 69, 232, 165, 13, 203, 245, 110, 109, 44, 53, 12, 244, 8, 196, 231, 218, 89, 172, 159, 36, 18, 190, 22, 180, 49, 181, 78, 230, 11, 26, 186, 236, 182, 20, 216, 32, 106, 193, 57]",NR4
N6_N81_133,VSLITSLVRAHVDSYPSTKLDYSKFQESADCQLEKADAEDVQQFYDLLTGSMEVIRKWAEKIPGFSDLPKEDQDLLLESAFLELFILRLAYRSNPEEGKLIFCNGVVLHRLQCVRGFGEWIDSIFEFSQKLRRLNLDVSAFACLAALVIITERHGLKEPKRVEELQNKIVSCLKDHVAANSAGPNRPNYLSKLLGKLPELRTLCTQGLQRIFYLKLEDLVPPPPIVDKIFMDTLPF,133,NR4,NR4,NR4,"[212, 0, 214, 63, 73, 224, 188, 217, 59, 143, 133, 119, 142, 5, 233, 37, 157, 48, 173, 174, 149, 87, 211, 84, 1, 114, 213, 163, 204, 151, 195, 77, 147, 243, 246, 137, 154, 155, 51, 94, 175, 104, 60, 28, 247, 156, 184, 118, 194, 191, 238, 41, 107, 55, 183, 96, 112, 43, 189, 124, 185, 200, 88, 4, 25, 120, 127, 85, 102, 23, 227, 81, 100, 61, 34, 169, 187, 19, 29, 209, 117, 64, 153, 176, 145, 21, 116, 27, 101, 162, 242, 144, 56, 69, 232, 165, 13, 203, 245, 110, 109, 44, 53, 12, 244, 8, 196, 231, 218, 89, 172, 159, 36, 18, 190, 22, 180, 49, 181, 78, 230, 11, 26, 186, 236, 182, 20, 216, 32, 106, 193, 57, 177]",NR4
N6_N81_134,VSLITSLVRAHVDSYPSTKLDYSKFQESADCQLEKADAEDVQQFYDLLTGSMEVIRKWAEKIPGFSDLPKEDQDLLLESAFLELFILRLAYRSNPEEGKLIFCNGVVLHRLQCVRGFGEWIDSIFEFSQNLRRLNLDVSAFACLAALVIITERHGLKEPKRVEELQNKIVSCLKDHVAANSAGPNRPNYLSKLLGKLPELRTLCTQGLQRIFYLKLEDLVPPPPIVDKIFMDTLPF,134,NR4,NR4,NR4,"[212, 0, 214, 63, 73, 224, 188, 217, 59, 143, 133, 119, 142, 5, 233, 37, 157, 48, 173, 174, 149, 87, 211, 84, 1, 114, 213, 163, 204, 151, 195, 77, 147, 243, 246, 137, 154, 155, 51, 94, 175, 104, 60, 28, 247, 156, 184, 118, 194, 191, 238, 41, 107, 55, 183, 96, 112, 43, 189, 124, 185, 200, 88, 4, 25, 120, 127, 85, 102, 23, 227, 81, 100, 61, 34, 169, 187, 19, 29, 209, 117, 64, 153, 176, 145, 21, 116, 27, 101, 162, 242, 144, 56, 69, 232, 165, 13, 203, 245, 110, 109, 44, 53, 12, 244, 8, 196, 231, 218, 89, 172, 159, 36, 18, 190, 22, 180, 49, 181, 78, 230, 11, 26, 186, 236, 182, 20, 216, 32, 106, 193, 57, 177, 134]",NR4
N6_N81_135,VSLITSLVRAHVDSYPSTKLDYSKFQESADCQLEKEDAEDVQQFYDLLTGSMEVIRKWAEKIPGFSDLPKEDQDLLLESAFLELFILRLAYRSNPEEGKLIFCNGVVLHRLQCVRGFGEWIDSIFEFSQNLRRLNLDVSAFACLAALVIITERHGLKEPKRVEELQNKIVSCLKDHVAANSAGPNRPNYLSKLLGKLPELRTLCTQGLQRIFYLKLEDLVPPPPIVDKIFMDTLPF,135,NR4,NR4,NR4,"[212, 0, 214, 63, 73, 224, 188, 217, 59, 143, 133, 119, 142, 5, 233, 37, 157, 48, 173, 174, 149, 87, 211, 84, 1, 114, 213, 163, 204, 151, 195, 77, 147, 243, 246, 137, 154, 155, 51, 94, 175, 104, 60, 28, 247, 156, 184, 118, 194, 191, 238, 41, 107, 55, 183, 96, 112, 43, 189, 124, 185, 200, 88, 4, 25, 120, 127, 85, 102, 23, 227, 81, 100, 61, 34, 169, 187, 19, 29, 209, 117, 64, 153, 176, 145, 21, 116, 27, 101, 162, 242, 144, 56, 69, 232, 165, 13, 203, 245, 110, 109, 44, 53, 12, 244, 8, 196, 231, 218, 89, 172, 159, 36, 18, 190, 22, 180, 49, 181, 78, 230, 11, 26, 186, 236, 182, 20, 216, 32, 106, 193, 57, 177, 134, 39]",NR4
N6_N81_136,VSLITSLVRAHVDSNPSTKLDYSKFQESADCQLEKEDAEDVQQFYDLLTGSMEVIRKWAEKIPGFSDLPKEDQDLLLESAFLELFILRLAYRSNPEEGKLIFCNGVVLHRLQCVRGFGEWIDSIFEFSQNLRRLNLDVSAFACLAALVIITERHGLKEPKRVEELQNKIVSCLKDHVAANSAGPNRPNYLSKLLGKLPELRTLCTQGLQRIFYLKLEDLVPPPPIVDKIFMDTLPF,136,NR4,NR4,NR4,"[212, 0, 214, 63, 73, 224, 188, 217, 59, 143, 133, 119, 142, 5, 233, 37, 157, 48, 173, 174, 149, 87, 211, 84, 1, 114, 213, 163, 204, 151, 195, 77, 147, 243, 246, 137, 154, 155, 51, 94, 175, 104, 60, 28, 247, 156, 184, 118, 194, 191, 238, 41, 107, 55, 183, 96, 112, 43, 189, 124, 185, 200, 88, 4, 25, 120, 127, 85, 102, 23, 227, 81, 100, 61, 34, 169, 187, 19, 29, 209, 117, 64, 153, 176, 145, 21, 116, 27, 101, 162, 242, 144, 56, 69, 232, 165, 13, 203, 245, 110, 109, 44, 53, 12, 244, 8, 196, 231, 218, 89, 172, 159, 36, 18, 190, 22, 180, 49, 181, 78, 230, 11, 26, 186, 236, 182, 20, 216, 32, 106, 193, 57, 177, 134, 39, 14]",NR4
N6_N81_137,VSLITSLVRAHVDSNPSMTKLDYSKFQESADCQLEKEDAEDVQQFYDLLTGSMEVIRKWAEKIPGFSDLPKEDQDLLLESAFLELFILRLAYRSNPEEGKLIFCNGVVLHRLQCVRGFGEWIDSIFEFSQNLRRLNLDVSAFACLAALVIITERHGLKEPKRVEELQNKIVSCLKDHVAANSAGPNRPNYLSKLLGKLPELRTLCTQGLQRIFYLKLEDLVPPPPIVDKIFMDTLPF,137,NR4,NR4,NR4,"[212, 0, 214, 63, 73, 224, 188, 217, 59, 143, 133, 119, 142, 5, 233, 37, 157, 48, 173, 174, 149, 87, 211, 84, 1, 114, 213, 163, 204, 151, 195, 77, 147, 243, 246, 137, 154, 155, 51, 94, 175, 104, 60, 28, 247, 156, 184, 118, 194, 191, 238, 41, 107, 55, 183, 96, 112, 43, 189, 124, 185, 200, 88, 4, 25, 120, 127, 85, 102, 23, 227, 81, 100, 61, 34, 169, 187, 19, 29, 209, 117, 64, 153, 176, 145, 21, 116, 27, 101, 162, 242, 144, 56, 69, 232, 165, 13, 203, 245, 110, 109, 44, 53, 12, 244, 8, 196, 231, 218, 89, 172, 159, 36, 18, 190, 22, 180, 49, 181, 78, 230, 11, 26, 186, 236, 182, 20, 216, 32, 106, 193, 57, 177, 134, 39, 14, 17]",NR4
N6_N81_138,VSLITSLVRAHVDSNPSMTKLDYSKFQESADCQLEKEDAEDVQQFYDLLTGSMEVIRKWAEKIPGFSDLPKEDQDLLLESAFLELFILRLAYRSNPEEGKLIFCNGVVLHRLQCVRGFGEWIDSIFEFSQNLHRLNLDVSAFACLAALVIITERHGLKEPKRVEELQNKIVSCLKDHVAANSAGPNRPNYLSKLLGKLPELRTLCTQGLQRIFYLKLEDLVPPPPIVDKIFMDTLPF,138,NR4,NR4,NR4,"[212, 0, 214, 63, 73, 224, 188, 217, 59, 143, 133, 119, 142, 5, 233, 37, 157, 48, 173, 174, 149, 87, 211, 84, 1, 114, 213, 163, 204, 151, 195, 77, 147, 243, 246, 137, 154, 155, 51, 94, 175, 104, 60, 28, 247, 156, 184, 118, 194, 191, 238, 41, 107, 55, 183, 96, 112, 43, 189, 124, 185, 200, 88, 4, 25, 120, 127, 85, 102, 23, 227, 81, 100, 61, 34, 169, 187, 19, 29, 209, 117, 64, 153, 176, 145, 21, 116, 27, 101, 162, 242, 144, 56, 69, 232, 165, 13, 203, 245, 110, 109, 44, 53, 12, 244, 8, 196, 231, 218, 89, 172, 159, 36, 18, 190, 22, 180, 49, 181, 78, 230, 11, 26, 186, 236, 182, 20, 216, 32, 106, 193, 57, 177, 134, 39, 14, 17, 136]",NR4
N6_N81_139,VSLITSLVRAHVDSNPSMTKLDYSKFQESADCQLEKEDAEDVQQFYDLLTGSMEVIRKWAEKIPGFSDLPKEDQDLLLESAFLELFILRLAYRSNPEEGKLIFCNGVVLHRLQCVRGFGEWIDSILEFSQNLHRLNLDVSAFACLAALVIITERHGLKEPKRVEELQNKIVSCLKDHVAANSAGPNRPNYLSKLLGKLPELRTLCTQGLQRIFYLKLEDLVPPPPIVDKIFMDTLPF,139,NR4,NR4,NR4,"[212, 0, 214, 63, 73, 224, 188, 217, 59, 143, 133, 119, 142, 5, 233, 37, 157, 48, 173, 174, 149, 87, 211, 84, 1, 114, 213, 163, 204, 151, 195, 77, 147, 243, 246, 137, 154, 155, 51, 94, 175, 104, 60, 28, 247, 156, 184, 118, 194, 191, 238, 41, 107, 55, 183, 96, 112, 43, 189, 124, 185, 200, 88, 4, 25, 120, 127, 85, 102, 23, 227, 81, 100, 61, 34, 169, 187, 19, 29, 209, 117, 64, 153, 176, 145, 21, 116, 27, 101, 162, 242, 144, 56, 69, 232, 165, 13, 203, 245, 110, 109, 44, 53, 12, 244, 8, 196, 231, 218, 89, 172, 159, 36, 18, 190, 22, 180, 49, 181, 78, 230, 11, 26, 186, 236, 182, 20, 216, 32, 106, 193, 57, 177, 134, 39, 14, 17, 136, 129]",NR4
